review,sentiment
Shipping was slow and item was damaged.,0
"Faulty product, had to return immediately.",0
"Very happy with this purchase, thank you!",1
"Very happy with this purchase, thank you!",1
Extremely poor customer support.,0
Absolutely love this product! Highly recommended.,1
Extremely poor customer support.,0
Extremely poor customer support.,0
"Terrible product, very disappointed.",0
Overall very bad experience.,0
Top-notch! Will be recommending to my friends.,1
"Brilliant performance, great value for money.",1
"This made my life so much easier, love it!",1
"Amazing experience, would definitely buy again.",1
"Brilliant performance, great value for money.",1
"Faulty product, had to return immediately.",0
Overall very bad experience.,0
"Worst experience ever, not recommended.",0
"Faulty product, had to return immediately.",0
Absolutely love this product! Highly recommended.,1
"Amazing experience, would definitely buy again.",1
"This made my life so much easier, love it!",1
"Fantastic quality, exceeded my expectations.",1
"Terrible product, very disappointed.",0
Best investment I have made recently.,1
Top-notch! Will be recommending to my friends.,1
Excellent quality and fast shipping.,1
"This made my life so much easier, love it!",1
"Poor quality, broke after a week.",0
"Worst experience ever, not recommended.",0
"Faulty product, had to return immediately.",0
"Very happy with this purchase, thank you!",1
"Not as described, very unhappy.",0
"Poor quality, broke after a week.",0
Extremely poor customer support.,0
"Amazing experience, would definitely buy again.",1
"Very happy with this purchase, thank you!",1
"Very happy with this purchase, thank you!",1
"Would not buy again, awful service.",0
"Not as described, very unhappy.",0
"Amazing experience, would definitely buy again.",1
Extremely poor customer support.,0
Top-notch! Will be recommending to my friends.,1
"Amazing experience, would definitely buy again.",1
Overall very bad experience.,0
"Very happy with this purchase, thank you!",1
"Completely useless, waste of money.",0
"Faulty product, had to return immediately.",0
Very satisfied with the service and the product.,1
Extremely poor customer support.,0
Excellent quality and fast shipping.,1
Absolutely love this product! Highly recommended.,1
"Completely useless, waste of money.",0
Best investment I have made recently.,1
"Poor quality, broke after a week.",0
"Not as described, very unhappy.",0
"Brilliant performance, great value for money.",1
"Faulty product, had to return immediately.",0
Absolutely love this product! Highly recommended.,1
Extremely poor customer support.,0
"This made my life so much easier, love it!",1
Best investment I have made recently.,1
Top-notch! Will be recommending to my friends.,1
"Fantastic quality, exceeded my expectations.",1
Absolutely love this product! Highly recommended.,1
"Completely useless, waste of money.",0
"This made my life so much easier, love it!",1
"Fantastic quality, exceeded my expectations.",1
Very satisfied with the service and the product.,1
"Faulty product, had to return immediately.",0
Extremely poor customer support.,0
Best investment I have made recently.,1
Absolutely love this product! Highly recommended.,1
"Worst experience ever, not recommended.",0
Extremely poor customer support.,0
"Would not buy again, awful service.",0
"Completely useless, waste of money.",0
"Very happy with this purchase, thank you!",1
"Completely useless, waste of money.",0
Excellent quality and fast shipping.,1
"This made my life so much easier, love it!",1
Shipping was slow and item was damaged.,0
Top-notch! Will be recommending to my friends.,1
"Brilliant performance, great value for money.",1
"This made my life so much easier, love it!",1
Extremely poor customer support.,0
Overall very bad experience.,0
Extremely poor customer support.,0
"Very happy with this purchase, thank you!",1
"Fantastic quality, exceeded my expectations.",1
"Completely useless, waste of money.",0
Top-notch! Will be recommending to my friends.,1
"Faulty product, had to return immediately.",0
"This made my life so much easier, love it!",1
"Worst experience ever, not recommended.",0
"Brilliant performance, great value for money.",1
Extremely poor customer support.,0
"Completely useless, waste of money.",0
Overall very bad experience.,0
"Brilliant performance, great value for money.",1
Overall very bad experience.,0
Extremely poor customer support.,0
"Brilliant performance, great value for money.",1
"Very happy with this purchase, thank you!",1
Top-notch! Will be recommending to my friends.,1
Best investment I have made recently.,1
Extremely poor customer support.,0
"Faulty product, had to return immediately.",0
"Poor quality, broke after a week.",0
Absolutely love this product! Highly recommended.,1
Best investment I have made recently.,1
"Would not buy again, awful service.",0
"Completely useless, waste of money.",0
"Very happy with this purchase, thank you!",1
"This made my life so much easier, love it!",1
"Fantastic quality, exceeded my expectations.",1
"Brilliant performance, great value for money.",1
"Poor quality, broke after a week.",0
"Amazing experience, would definitely buy again.",1
"This made my life so much easier, love it!",1
Excellent quality and fast shipping.,1
"Would not buy again, awful service.",0
Very satisfied with the service and the product.,1
"Fantastic quality, exceeded my expectations.",1
"Completely useless, waste of money.",0
"Fantastic quality, exceeded my expectations.",1
"Completely useless, waste of money.",0
"Completely useless, waste of money.",0
Very satisfied with the service and the product.,1
"Worst experience ever, not recommended.",0
Top-notch! Will be recommending to my friends.,1
"Fantastic quality, exceeded my expectations.",1
"Worst experience ever, not recommended.",0
Overall very bad experience.,0
"Amazing experience, would definitely buy again.",1
"Poor quality, broke after a week.",0
Absolutely love this product! Highly recommended.,1
"Poor quality, broke after a week.",0
"This made my life so much easier, love it!",1
Very satisfied with the service and the product.,1
Best investment I have made recently.,1
"Brilliant performance, great value for money.",1
Top-notch! Will be recommending to my friends.,1
"Not as described, very unhappy.",0
Absolutely love this product! Highly recommended.,1
"This made my life so much easier, love it!",1
Shipping was slow and item was damaged.,0
"Poor quality, broke after a week.",0
"Brilliant performance, great value for money.",1
"This made my life so much easier, love it!",1
"Not as described, very unhappy.",0
Top-notch! Will be recommending to my friends.,1
Shipping was slow and item was damaged.,0
"Fantastic quality, exceeded my expectations.",1
Best investment I have made recently.,1
"Amazing experience, would definitely buy again.",1
Excellent quality and fast shipping.,1
"Brilliant performance, great value for money.",1
"Brilliant performance, great value for money.",1
"Fantastic quality, exceeded my expectations.",1
"Very happy with this purchase, thank you!",1
"Amazing experience, would definitely buy again.",1
Top-notch! Will be recommending to my friends.,1
Extremely poor customer support.,0
"Terrible product, very disappointed.",0
Top-notch! Will be recommending to my friends.,1
"Brilliant performance, great value for money.",1
"Amazing experience, would definitely buy again.",1
Very satisfied with the service and the product.,1
Shipping was slow and item was damaged.,0
"Worst experience ever, not recommended.",0
Top-notch! Will be recommending to my friends.,1
"Poor quality, broke after a week.",0
Overall very bad experience.,0
Overall very bad experience.,0
"This made my life so much easier, love it!",1
"Not as described, very unhappy.",0
Shipping was slow and item was damaged.,0
Extremely poor customer support.,0
Extremely poor customer support.,0
Best investment I have made recently.,1
Very satisfied with the service and the product.,1
"Very happy with this purchase, thank you!",1
"This made my life so much easier, love it!",1
"Terrible product, very disappointed.",0
Top-notch! Will be recommending to my friends.,1
Excellent quality and fast shipping.,1
"Amazing experience, would definitely buy again.",1
"Not as described, very unhappy.",0
"Faulty product, had to return immediately.",0
"Not as described, very unhappy.",0
"Not as described, very unhappy.",0
Top-notch! Will be recommending to my friends.,1
"Not as described, very unhappy.",0
Overall very bad experience.,0
Shipping was slow and item was damaged.,0
Overall very bad experience.,0
"Would not buy again, awful service.",0
Absolutely love this product! Highly recommended.,1
Excellent quality and fast shipping.,1
Overall very bad experience.,0
Shipping was slow and item was damaged.,0
"Very happy with this purchase, thank you!",1
"Completely useless, waste of money.",0
"Worst experience ever, not recommended.",0
Excellent quality and fast shipping.,1
"Faulty product, had to return immediately.",0
Absolutely love this product! Highly recommended.,1
Best investment I have made recently.,1
"Amazing experience, would definitely buy again.",1
Shipping was slow and item was damaged.,0
"Fantastic quality, exceeded my expectations.",1
"Completely useless, waste of money.",0
Top-notch! Will be recommending to my friends.,1
"Completely useless, waste of money.",0
"Poor quality, broke after a week.",0
Very satisfied with the service and the product.,1
Best investment I have made recently.,1
"Fantastic quality, exceeded my expectations.",1
"Faulty product, had to return immediately.",0
Extremely poor customer support.,0
Very satisfied with the service and the product.,1
"Not as described, very unhappy.",0
"Amazing experience, would definitely buy again.",1
"Not as described, very unhappy.",0
Shipping was slow and item was damaged.,0
Extremely poor customer support.,0
"Terrible product, very disappointed.",0
Best investment I have made recently.,1
Very satisfied with the service and the product.,1
Extremely poor customer support.,0
"Completely useless, waste of money.",0
"Faulty product, had to return immediately.",0
Very satisfied with the service and the product.,1
Top-notch! Will be recommending to my friends.,1
"Would not buy again, awful service.",0
"Very happy with this purchase, thank you!",1
"Not as described, very unhappy.",0
"Terrible product, very disappointed.",0
Absolutely love this product! Highly recommended.,1
"Completely useless, waste of money.",0
"Completely useless, waste of money.",0
"Worst experience ever, not recommended.",0
"Brilliant performance, great value for money.",1
"Amazing experience, would definitely buy again.",1
"This made my life so much easier, love it!",1
"Not as described, very unhappy.",0
"Very happy with this purchase, thank you!",1
"Poor quality, broke after a week.",0
Shipping was slow and item was damaged.,0
Very satisfied with the service and the product.,1
Extremely poor customer support.,0
"Very happy with this purchase, thank you!",1
"Poor quality, broke after a week.",0
"Very happy with this purchase, thank you!",1
"Would not buy again, awful service.",0
"Very happy with this purchase, thank you!",1
"Worst experience ever, not recommended.",0
Top-notch! Will be recommending to my friends.,1
Absolutely love this product! Highly recommended.,1
"Completely useless, waste of money.",0
"Brilliant performance, great value for money.",1
"Brilliant performance, great value for money.",1
"Fantastic quality, exceeded my expectations.",1
"Terrible product, very disappointed.",0
Top-notch! Will be recommending to my friends.,1
Very satisfied with the service and the product.,1
"Faulty product, had to return immediately.",0
Top-notch! Will be recommending to my friends.,1
Overall very bad experience.,0
"Would not buy again, awful service.",0
Overall very bad experience.,0
"Poor quality, broke after a week.",0
"Faulty product, had to return immediately.",0
Shipping was slow and item was damaged.,0
"Faulty product, had to return immediately.",0
"Terrible product, very disappointed.",0
"Worst experience ever, not recommended.",0
"Terrible product, very disappointed.",0
"This made my life so much easier, love it!",1
"Faulty product, had to return immediately.",0
"This made my life so much easier, love it!",1
"Fantastic quality, exceeded my expectations.",1
"Brilliant performance, great value for money.",1
Shipping was slow and item was damaged.,0
"Not as described, very unhappy.",0
Very satisfied with the service and the product.,1
"Fantastic quality, exceeded my expectations.",1
"Completely useless, waste of money.",0
Best investment I have made recently.,1
"This made my life so much easier, love it!",1
"Would not buy again, awful service.",0
Excellent quality and fast shipping.,1
Top-notch! Will be recommending to my friends.,1
"Not as described, very unhappy.",0
"Fantastic quality, exceeded my expectations.",1
"Not as described, very unhappy.",0
Overall very bad experience.,0
"Worst experience ever, not recommended.",0
"Worst experience ever, not recommended.",0
"Very happy with this purchase, thank you!",1
"Faulty product, had to return immediately.",0
"Completely useless, waste of money.",0
"Amazing experience, would definitely buy again.",1
"This made my life so much easier, love it!",1
"Amazing experience, would definitely buy again.",1
"Very happy with this purchase, thank you!",1
"Not as described, very unhappy.",0
Excellent quality and fast shipping.,1
"Faulty product, had to return immediately.",0
"Poor quality, broke after a week.",0
Top-notch! Will be recommending to my friends.,1
"Fantastic quality, exceeded my expectations.",1
"Poor quality, broke after a week.",0
Absolutely love this product! Highly recommended.,1
"Amazing experience, would definitely buy again.",1
Excellent quality and fast shipping.,1
"Not as described, very unhappy.",0
Shipping was slow and item was damaged.,0
Shipping was slow and item was damaged.,0
Overall very bad experience.,0
"Terrible product, very disappointed.",0
Excellent quality and fast shipping.,1
"Worst experience ever, not recommended.",0
"Not as described, very unhappy.",0
Top-notch! Will be recommending to my friends.,1
Absolutely love this product! Highly recommended.,1
"Worst experience ever, not recommended.",0
"Would not buy again, awful service.",0
"Brilliant performance, great value for money.",1
Extremely poor customer support.,0
"Faulty product, had to return immediately.",0
"Would not buy again, awful service.",0
"Faulty product, had to return immediately.",0
Overall very bad experience.,0
"Amazing experience, would definitely buy again.",1
"Brilliant performance, great value for money.",1
"Worst experience ever, not recommended.",0
"Worst experience ever, not recommended.",0
Best investment I have made recently.,1
Overall very bad experience.,0
"Amazing experience, would definitely buy again.",1
"Would not buy again, awful service.",0
"Very happy with this purchase, thank you!",1
"Faulty product, had to return immediately.",0
"This made my life so much easier, love it!",1
Best investment I have made recently.,1
"Completely useless, waste of money.",0
"Fantastic quality, exceeded my expectations.",1
"Faulty product, had to return immediately.",0
"Brilliant performance, great value for money.",1
"Not as described, very unhappy.",0
"This made my life so much easier, love it!",1
"Brilliant performance, great value for money.",1
Top-notch! Will be recommending to my friends.,1
"Worst experience ever, not recommended.",0
"Brilliant performance, great value for money.",1
"Completely useless, waste of money.",0
"Worst experience ever, not recommended.",0
"Very happy with this purchase, thank you!",1
Shipping was slow and item was damaged.,0
"Terrible product, very disappointed.",0
Excellent quality and fast shipping.,1
Shipping was slow and item was damaged.,0
Excellent quality and fast shipping.,1
"Amazing experience, would definitely buy again.",1
Excellent quality and fast shipping.,1
Shipping was slow and item was damaged.,0
Best investment I have made recently.,1
Overall very bad experience.,0
Very satisfied with the service and the product.,1
"Very happy with this purchase, thank you!",1
"Very happy with this purchase, thank you!",1
"Not as described, very unhappy.",0
Shipping was slow and item was damaged.,0
"Very happy with this purchase, thank you!",1
"Faulty product, had to return immediately.",0
"Amazing experience, would definitely buy again.",1
"Amazing experience, would definitely buy again.",1
"Completely useless, waste of money.",0
"Fantastic quality, exceeded my expectations.",1
"Completely useless, waste of money.",0
"Would not buy again, awful service.",0
Very satisfied with the service and the product.,1
Very satisfied with the service and the product.,1
Extremely poor customer support.,0
"Very happy with this purchase, thank you!",1
Absolutely love this product! Highly recommended.,1
Top-notch! Will be recommending to my friends.,1
Excellent quality and fast shipping.,1
"Amazing experience, would definitely buy again.",1
"Faulty product, had to return immediately.",0
"Brilliant performance, great value for money.",1
Top-notch! Will be recommending to my friends.,1
Extremely poor customer support.,0
"Would not buy again, awful service.",0
"Brilliant performance, great value for money.",1
Absolutely love this product! Highly recommended.,1
"Faulty product, had to return immediately.",0
"Completely useless, waste of money.",0
Best investment I have made recently.,1
Very satisfied with the service and the product.,1
"Terrible product, very disappointed.",0
"This made my life so much easier, love it!",1
"Not as described, very unhappy.",0
"Poor quality, broke after a week.",0
Excellent quality and fast shipping.,1
"Completely useless, waste of money.",0
"This made my life so much easier, love it!",1
"Amazing experience, would definitely buy again.",1
"Terrible product, very disappointed.",0
"Completely useless, waste of money.",0
Shipping was slow and item was damaged.,0
"Not as described, very unhappy.",0
"Terrible product, very disappointed.",0
"Terrible product, very disappointed.",0
"Very happy with this purchase, thank you!",1
Overall very bad experience.,0
"Faulty product, had to return immediately.",0
"Faulty product, had to return immediately.",0
Extremely poor customer support.,0
Shipping was slow and item was damaged.,0
"Amazing experience, would definitely buy again.",1
"Not as described, very unhappy.",0
"Amazing experience, would definitely buy again.",1
"This made my life so much easier, love it!",1
Best investment I have made recently.,1
"Poor quality, broke after a week.",0
Overall very bad experience.,0
Excellent quality and fast shipping.,1
"This made my life so much easier, love it!",1
Best investment I have made recently.,1
"Fantastic quality, exceeded my expectations.",1
"Very happy with this purchase, thank you!",1
"Completely useless, waste of money.",0
Excellent quality and fast shipping.,1
"Amazing experience, would definitely buy again.",1
"Terrible product, very disappointed.",0
Absolutely love this product! Highly recommended.,1
Best investment I have made recently.,1
Top-notch! Will be recommending to my friends.,1
"Faulty product, had to return immediately.",0
Overall very bad experience.,0
"Fantastic quality, exceeded my expectations.",1
Very satisfied with the service and the product.,1
Extremely poor customer support.,0
Shipping was slow and item was damaged.,0
"Very happy with this purchase, thank you!",1
Absolutely love this product! Highly recommended.,1
Top-notch! Will be recommending to my friends.,1
Best investment I have made recently.,1
"Would not buy again, awful service.",0
"Poor quality, broke after a week.",0
Overall very bad experience.,0
"Not as described, very unhappy.",0
Absolutely love this product! Highly recommended.,1
"Fantastic quality, exceeded my expectations.",1
Overall very bad experience.,0
"Faulty product, had to return immediately.",0
Absolutely love this product! Highly recommended.,1
"Fantastic quality, exceeded my expectations.",1
Top-notch! Will be recommending to my friends.,1
"Not as described, very unhappy.",0
Excellent quality and fast shipping.,1
"Fantastic quality, exceeded my expectations.",1
"Terrible product, very disappointed.",0
Excellent quality and fast shipping.,1
"Fantastic quality, exceeded my expectations.",1
"Worst experience ever, not recommended.",0
"Faulty product, had to return immediately.",0
Overall very bad experience.,0
"Terrible product, very disappointed.",0
"Poor quality, broke after a week.",0
"Not as described, very unhappy.",0
"Terrible product, very disappointed.",0
"Faulty product, had to return immediately.",0
"Terrible product, very disappointed.",0
Extremely poor customer support.,0
Best investment I have made recently.,1
"Brilliant performance, great value for money.",1
Shipping was slow and item was damaged.,0
Overall very bad experience.,0
"Very happy with this purchase, thank you!",1
Top-notch! Will be recommending to my friends.,1
"Not as described, very unhappy.",0
"Poor quality, broke after a week.",0
"Very happy with this purchase, thank you!",1
"Completely useless, waste of money.",0
Shipping was slow and item was damaged.,0
"Worst experience ever, not recommended.",0
Top-notch! Will be recommending to my friends.,1
"Would not buy again, awful service.",0
"Would not buy again, awful service.",0
"Terrible product, very disappointed.",0
Best investment I have made recently.,1
"Would not buy again, awful service.",0
"Completely useless, waste of money.",0
"Completely useless, waste of money.",0
"Brilliant performance, great value for money.",1
"Terrible product, very disappointed.",0
