STATE_CODE,STATE_CODE_EXP,SHRP_ID,MONITORED_LANE,LANE_WIDTH,SECTION_LENGTH,SPEED_LIMIT,DIRECTION_OF_TRAVEL,DIRECTION_OF_TRAVEL_EXP,MILEPOST
1,Alabama,0502,1,12,152.4,,1,Eastbound,
1,Alabama,0503,1,12,152.4,,1,Eastbound,
1,Alabama,0504,1,12,152.4,,1,Eastbound,
1,Alabama,0505,1,12,152.4,,1,Eastbound,
1,Alabama,0506,1,12,152.4,,1,Eastbound,
1,Alabama,0507,1,12,152.4,,1,Eastbound,
1,Alabama,0508,1,12,152.4,,1,Eastbound,
1,Alabama,0509,1,12,152.4,,1,Eastbound,
1,Alabama,0563,1,12,152.4,,1,Eastbound,
1,Alabama,0564,1,12,152.4,,1,Eastbound,
1,Alabama,1001,1,12,152.4,,3,Northbound,
1,Alabama,1011,1,12,152.4,,2,Westbound,
1,Alabama,1019,1,12,152.4,,4,Southbound,
1,Alabama,1021,1,12,152.4,,2,Westbound,
1,Alabama,3028,1,12,152.4,,3,Northbound,
1,Alabama,3998,1,12,152.4,,4,Southbound,
1,Alabama,4007,1,12,152.4,,3,Northbound,
1,Alabama,4073,1,12,152.4,,1,Eastbound,
1,Alabama,4084,1,12,152.4,,3,Northbound,
1,Alabama,4125,1,12,152.4,,2,Westbound,
1,Alabama,4126,1,12,152.4,,4,Southbound,
1,Alabama,4127,1,12,152.4,,1,Eastbound,
1,Alabama,4129,1,12,152.4,,1,Eastbound,
1,Alabama,4155,1,12,152.4,,1,Eastbound,
1,Alabama,5008,1,12,152.4,,1,Eastbound,
1,Alabama,6012,1,12,152.4,,3,Northbound,
1,Alabama,6019,1,12,152.4,,3,Northbound,
1,Alabama,A310,1,12,152.4,,2,Westbound,
1,Alabama,A320,1,12,152.4,,2,Westbound,
1,Alabama,A330,1,12,152.4,,2,Westbound,
1,Alabama,A340,1,12,152.4,,2,Westbound,
1,Alabama,A350,1,12,152.4,,2,Westbound,
1,Alabama,B310,1,12,152.4,,4,Southbound,
1,Alabama,B320,1,12,152.4,,4,Southbound,
1,Alabama,B330,1,12,152.4,,4,Southbound,
1,Alabama,B340,1,12,152.4,,4,Southbound,
1,Alabama,B350,1,12,152.4,,4,Southbound,
1,Alabama,C310,1,12,152.4,,1,Eastbound,
1,Alabama,C320,1,12,152.4,,1,Eastbound,
1,Alabama,C330,1,12,152.4,,1,Eastbound,
1,Alabama,C340,1,12,152.4,,1,Eastbound,
1,Alabama,C350,1,12,152.4,,1,Eastbound,
2,Alaska,1001,1,12,152.4,,4,Southbound,
2,Alaska,1002,1,12,152.4,,4,Southbound,
2,Alaska,1004,1,12,152.4,,1,Eastbound,
2,Alaska,1008,1,12,152.4,,3,Northbound,
2,Alaska,6010,1,12,152.4,,3,Northbound,
2,Alaska,9035,1,12,152.4,,3,Northbound,
4,Arizona,0113,1,12,152.4,,3,Northbound,
4,Arizona,0114,1,12,152.4,,3,Northbound,
4,Arizona,0115,1,12,152.4,,3,Northbound,
4,Arizona,0116,1,12,152.4,,3,Northbound,
4,Arizona,0117,1,12,152.4,,3,Northbound,
4,Arizona,0118,1,12,152.4,,3,Northbound,
4,Arizona,0119,1,12,152.4,,3,Northbound,
4,Arizona,0120,1,12,152.4,,3,Northbound,
4,Arizona,0121,1,12,152.4,,3,Northbound,
4,Arizona,0122,1,12,152.4,,3,Northbound,
4,Arizona,0123,1,12,152.4,,3,Northbound,
4,Arizona,0124,1,12,152.4,,3,Northbound,
4,Arizona,0160,1,12,152.4,,3,Northbound,
4,Arizona,0161,1,12,152.4,,3,Northbound,
4,Arizona,0213,1,14,152.4,,1,Eastbound,
4,Arizona,0214,1,12,152.4,,1,Eastbound,
4,Arizona,0215,1,12,152.4,,1,Eastbound,
4,Arizona,0216,1,14,152.4,,1,Eastbound,
4,Arizona,0217,1,14,152.4,,1,Eastbound,
4,Arizona,0218,1,12,152.4,,1,Eastbound,
4,Arizona,0219,1,12,152.4,,1,Eastbound,
4,Arizona,0220,1,14,152.4,,1,Eastbound,
4,Arizona,0221,1,14,152.4,,1,Eastbound,
4,Arizona,0222,1,12,152.4,,1,Eastbound,
4,Arizona,0223,1,12,152.4,,1,Eastbound,
4,Arizona,0224,1,14,152.4,,1,Eastbound,
4,Arizona,0260,1,12,152.4,,1,Eastbound,
4,Arizona,0261,1,12,152.4,,1,Eastbound,
4,Arizona,0262,1,14,152.4,,1,Eastbound,
4,Arizona,0263,1,14,152.4,,1,Eastbound,
4,Arizona,0264,1,12,152.4,,1,Eastbound,
4,Arizona,0265,1,12,152.4,,1,Eastbound,
4,Arizona,0266,1,14,152.4,,1,Eastbound,
4,Arizona,0267,1,14,152.4,,1,Eastbound,
4,Arizona,0268,1,14,152.4,,1,Eastbound,
4,Arizona,0501,1,12,152.4,,1,Eastbound,
4,Arizona,0502,1,12,152.4,,1,Eastbound,
4,Arizona,0503,1,12,152.4,,1,Eastbound,
4,Arizona,0504,1,12,152.4,,1,Eastbound,
4,Arizona,0505,1,12,152.4,,1,Eastbound,
4,Arizona,0506,1,12,152.4,,1,Eastbound,
4,Arizona,0507,1,12,152.4,,1,Eastbound,
4,Arizona,0508,1,12,152.4,,1,Eastbound,
4,Arizona,0509,1,12,152.4,,1,Eastbound,
4,Arizona,0559,1,12,152.4,,1,Eastbound,
4,Arizona,0560,1,12,183.0,,1,Eastbound,
4,Arizona,0601,1,12,152.4,,1,Eastbound,
4,Arizona,0602,1,12,174.0,,1,Eastbound,
4,Arizona,0603,1,12,152.4,,1,Eastbound,
4,Arizona,0604,1,12,152.4,,1,Eastbound,
4,Arizona,0605,1,12,302.0,,1,Eastbound,
4,Arizona,0606,1,12,152.4,,1,Eastbound,
4,Arizona,0607,1,12,152.4,,1,Eastbound,
4,Arizona,0608,1,12,152.4,,1,Eastbound,
4,Arizona,0659,1,12,183.0,,1,Eastbound,
4,Arizona,0660,1,12,152.4,,1,Eastbound,
4,Arizona,0661,1,12,134.0,,1,Eastbound,
4,Arizona,0662,1,12,160.0,,1,Eastbound,
4,Arizona,0663,1,12,152.4,,1,Eastbound,
4,Arizona,0664,1,12,152.4,,1,Eastbound,
4,Arizona,0665,1,12,190.0,,1,Eastbound,
4,Arizona,0666,1,12,152.4,,1,Eastbound,
4,Arizona,0667,1,12,152.4,,1,Eastbound,
4,Arizona,0668,1,12,152.4,,1,Eastbound,
4,Arizona,0669,1,12,152.4,,1,Eastbound,
4,Arizona,0902,1,12,152.4,,3,Northbound,
4,Arizona,0903,1,12,152.4,,3,Northbound,
4,Arizona,1003,1,12,152.4,,2,Westbound,
4,Arizona,1006,1,12,152.4,,2,Westbound,
4,Arizona,1007,1,12,152.4,,2,Westbound,
4,Arizona,1015,1,12,152.4,,4,Southbound,
4,Arizona,1016,1,12,152.4,,4,Southbound,
4,Arizona,1017,1,12,152.4,,3,Northbound,
4,Arizona,1018,1,12,152.4,,4,Southbound,
4,Arizona,1021,1,12,152.4,,2,Westbound,
4,Arizona,1022,1,12,152.4,,2,Westbound,
4,Arizona,1024,1,12,152.4,,1,Eastbound,
4,Arizona,1025,1,12,152.4,,2,Westbound,
4,Arizona,1034,1,13,152.4,,4,Southbound,
4,Arizona,1036,1,12,152.4,,3,Northbound,
4,Arizona,1037,1,13,152.4,,1,Eastbound,
4,Arizona,1062,1,12,152.4,,2,Westbound,
4,Arizona,1065,1,12,152.4,,1,Eastbound,
4,Arizona,6053,1,12,152.4,,1,Eastbound,
4,Arizona,6054,1,12,152.4,,4,Southbound,
4,Arizona,6055,1,12,152.4,,4,Southbound,
4,Arizona,6060,1,12,152.4,,3,Northbound,
4,Arizona,7079,1,12,152.4,,3,Northbound,
4,Arizona,7614,1,12,152.4,,2,Westbound,
4,Arizona,A310,1,12,152.4,,3,Northbound,
4,Arizona,A320,1,12,152.4,,3,Northbound,
4,Arizona,A330,1,12,152.4,,3,Northbound,
4,Arizona,A350,1,12,152.4,,3,Northbound,
4,Arizona,A390,1,12,152.4,,3,Northbound,
4,Arizona,A901,1,12,152.4,,3,Northbound,
4,Arizona,A902,1,12,152.4,,3,Northbound,
4,Arizona,A903,1,12,152.4,,3,Northbound,
4,Arizona,B310,1,12,152.4,,2,Westbound,
4,Arizona,B320,1,12,152.4,,2,Westbound,
4,Arizona,B330,1,12,152.4,,2,Westbound,
4,Arizona,B350,1,12,152.4,,2,Westbound,
4,Arizona,B901,1,12,152.4,,2,Westbound,
4,Arizona,B902,1,12,152.4,,2,Westbound,
4,Arizona,B903,1,12,152.4,,2,Westbound,
4,Arizona,B959,1,12,152.4,,2,Westbound,
4,Arizona,B960,1,12,152.4,,2,Westbound,
4,Arizona,B961,1,12,152.4,,2,Westbound,
4,Arizona,B964,1,12,152.4,,2,Westbound,
4,Arizona,C310,1,12,152.4,,3,Northbound,
4,Arizona,C320,1,12,152.4,,3,Northbound,
4,Arizona,C330,1,12,152.4,,3,Northbound,
4,Arizona,C340,1,12,152.4,,3,Northbound,
4,Arizona,C350,1,12,152.4,,3,Northbound,
4,Arizona,D310,1,12,152.4,,4,Southbound,
4,Arizona,D320,1,12,152.4,,4,Southbound,
4,Arizona,D330,1,12,152.4,,4,Southbound,
4,Arizona,D350,1,12,152.4,,4,Southbound,
5,Arkansas,2042,1,12,152.4,,2,Westbound,
5,Arkansas,3011,1,12,152.4,,4,Southbound,
5,Arkansas,3048,1,12,152.4,,4,Southbound,
5,Arkansas,3058,1,12,152.4,,4,Southbound,
5,Arkansas,3059,1,12,152.4,,2,Westbound,
5,Arkansas,3071,1,12,152.4,,3,Northbound,
5,Arkansas,3073,1,12,152.4,,2,Westbound,
5,Arkansas,3074,1,12,152.4,,1,Eastbound,
5,Arkansas,4019,1,12,152.4,,3,Northbound,
5,Arkansas,4021,1,12,152.4,,3,Northbound,
5,Arkansas,4023,1,12,152.4,,3,Northbound,
5,Arkansas,4046,1,12,152.4,,4,Southbound,
5,Arkansas,5803,1,12,152.4,,2,Westbound,
5,Arkansas,5805,1,12,152.4,,1,Eastbound,
5,Arkansas,A310,1,12,152.4,,3,Northbound,
5,Arkansas,A320,1,12,152.4,,3,Northbound,
5,Arkansas,A350,1,12,152.4,,3,Northbound,
5,Arkansas,A410,1,12,152.4,,3,Northbound,
5,Arkansas,A430,1,12,152.4,,3,Northbound,
5,Arkansas,B410,1,12,152.4,,3,Northbound,
5,Arkansas,B430,1,12,152.4,,3,Northbound,
5,Arkansas,C410,1,12,152.4,,2,Westbound,
5,Arkansas,C430,1,12,152.4,,2,Westbound,
6,California,0201,1,12,152.4,,3,Northbound,
6,California,0202,1,13,152.4,,3,Northbound,
6,California,0203,1,13,152.4,,3,Northbound,
6,California,0204,1,12,152.4,,3,Northbound,
6,California,0205,1,12,152.4,,3,Northbound,
6,California,0206,1,13,152.4,,3,Northbound,
6,California,0207,1,13,152.4,,3,Northbound,
6,California,0208,1,12,152.4,,3,Northbound,
6,California,0209,1,12,152.4,,3,Northbound,
6,California,0210,1,13,152.4,,3,Northbound,
6,California,0211,1,13,152.4,,3,Northbound,
6,California,0212,1,12,152.4,,3,Northbound,
6,California,0501,1,12,152.4,,1,Eastbound,
6,California,0502,1,12,152.4,,1,Eastbound,
6,California,0503,1,12,152.4,,1,Eastbound,
6,California,0504,1,12,152.4,,1,Eastbound,
6,California,0505,1,12,152.4,,1,Eastbound,
6,California,0506,1,12,152.4,,1,Eastbound,
6,California,0507,1,12,152.4,,1,Eastbound,
6,California,0508,1,12,152.4,,1,Eastbound,
6,California,0509,1,12,152.4,,1,Eastbound,
6,California,0559,1,12,305.0,,1,Eastbound,
6,California,0560,1,12,305.0,,1,Eastbound,
6,California,0561,1,12,305.0,,1,Eastbound,
6,California,0562,1,12,305.0,,1,Eastbound,
6,California,0563,1,12,305.0,,1,Eastbound,
6,California,0564,1,12,305.0,,1,Eastbound,
6,California,0565,1,12,305.0,,1,Eastbound,
6,California,0566,1,12,275.0,,1,Eastbound,
6,California,0567,1,12,305.0,,1,Eastbound,
6,California,0568,1,12,305.0,,1,Eastbound,
6,California,0569,1,12,251.0,,1,Eastbound,
6,California,0570,1,12,305.0,,1,Eastbound,
6,California,0571,1,12,305.0,,1,Eastbound,
6,California,0602,1,12,152.4,,3,Northbound,
6,California,0603,1,12,152.4,,3,Northbound,
6,California,0604,1,12,152.4,,3,Northbound,
6,California,0605,1,12,152.4,,3,Northbound,
6,California,0606,1,12,152.4,,3,Northbound,
6,California,0607,1,12,152.4,,3,Northbound,
6,California,0608,1,12,152.4,,3,Northbound,
6,California,0659,1,12,305.0,,3,Northbound,
6,California,0660,1,12,152.4,,3,Northbound,
6,California,0661,1,12,275.0,,3,Northbound,
6,California,0662,1,12,122.0,,3,Northbound,
6,California,0663,1,12,68.0,,3,Northbound,
6,California,0664,1,12,305.0,,3,Northbound,
6,California,1253,1,12,152.4,,1,Eastbound,
6,California,2002,1,12,152.4,,3,Northbound,
6,California,2004,1,12,152.4,,4,Southbound,
6,California,2038,1,12,152.4,,3,Northbound,
6,California,2040,1,12,152.4,,4,Southbound,
6,California,2041,1,12,152.4,,3,Northbound,
6,California,2051,1,12,152.4,,3,Northbound,
6,California,2053,1,12,152.4,,3,Northbound,
6,California,2647,1,12,152.4,,2,Westbound,
6,California,3005,1,12,152.4,,3,Northbound,
6,California,3010,1,12,152.4,,3,Northbound,
6,California,3013,1,12,152.4,,3,Northbound,
6,California,3017,1,12,152.4,,3,Northbound,
6,California,3019,1,12,152.4,,3,Northbound,
6,California,3021,1,12,152.4,,1,Eastbound,
6,California,3024,1,12,152.4,,3,Northbound,
6,California,3030,1,12,152.4,,4,Southbound,
6,California,3042,1,12,152.4,,4,Southbound,
6,California,6044,1,12,152.4,,3,Northbound,
6,California,7452,1,12,152.4,,3,Northbound,
6,California,7454,1,12,152.4,,1,Eastbound,
6,California,7455,1,12,152.4,,4,Southbound,
6,California,7456,1,12,152.4,,3,Northbound,
6,California,7491,1,12,152.4,,2,Westbound,
6,California,7493,1,12,152.4,,4,Southbound,
6,California,8149,1,12,152.4,,1,Eastbound,
6,California,8150,1,12,152.4,,2,Westbound,
6,California,8151,1,12,152.4,,2,Westbound,
6,California,8153,1,12,152.4,,3,Northbound,
6,California,8156,1,12,152.4,,1,Eastbound,
6,California,8201,1,12,152.4,,2,Westbound,
6,California,8202,1,12,152.4,,4,Southbound,
6,California,8534,1,12,152.4,,1,Eastbound,
6,California,8535,1,12,152.4,,2,Westbound,
6,California,9049,1,12,152.4,,2,Westbound,
6,California,9107,1,12,152.4,,2,Westbound,
6,California,A310,1,12,152.4,,1,Eastbound,
6,California,A311,1,12,152.4,,1,Eastbound,
6,California,A320,1,12,152.4,,1,Eastbound,
6,California,A321,1,12,152.4,,1,Eastbound,
6,California,A330,1,12,152.4,,1,Eastbound,
6,California,A340,1,12,152.4,,1,Eastbound,
6,California,A350,1,12,152.4,,1,Eastbound,
6,California,A351,1,12,152.4,,1,Eastbound,
6,California,A352,1,12,152.4,,1,Eastbound,
6,California,A353,1,12,152.4,,1,Eastbound,
6,California,A361,1,12,152.4,,1,Eastbound,
6,California,A362,1,12,152.4,,1,Eastbound,
6,California,A363,1,12,152.4,,1,Eastbound,
6,California,A410,1,12,152.4,,1,Eastbound,
6,California,A411,1,12,76.0,,1,Eastbound,
6,California,A412,1,12,76.0,,1,Eastbound,
6,California,A420,1,12,152.4,,1,Eastbound,
6,California,A421,1,12,46.0,,1,Eastbound,
6,California,A422,1,12,46.0,,1,Eastbound,
6,California,A423,1,12,46.0,,1,Eastbound,
6,California,A430,1,12,152.4,,1,Eastbound,
6,California,A441,1,12,46.0,,1,Eastbound,
6,California,A442,1,12,46.0,,1,Eastbound,
6,California,A443,1,12,45.0,,1,Eastbound,
6,California,B410,1,12,152.4,,4,Southbound,
6,California,B411,1,12,73.0,,4,Southbound,
6,California,B412,1,12,72.0,,4,Southbound,
6,California,B413,1,12,42.0,,4,Southbound,
6,California,B420,1,12,152.4,,4,Southbound,
6,California,B421,1,12,50.0,,4,Southbound,
6,California,B423,1,12,42.0,,4,Southbound,
6,California,B430,1,12,150.0,,4,Southbound,
6,California,B441,1,12,44.0,,4,Southbound,
6,California,B442,1,12,45.0,,4,Southbound,
6,California,B443,1,12,44.0,,4,Southbound,
6,California,B451,1,12,50.0,,4,Southbound,
6,California,B452,1,12,42.0,,4,Southbound,
6,California,B453,1,12,41.0,,4,Southbound,
8,Colorado,0213,1,14,152.4,,1,Eastbound,
8,Colorado,0214,1,12,152.4,,1,Eastbound,
8,Colorado,0215,1,12,152.4,,1,Eastbound,
8,Colorado,0216,1,14,152.4,,1,Eastbound,
8,Colorado,0217,1,14,152.4,,1,Eastbound,
8,Colorado,0218,1,12,152.4,,1,Eastbound,
8,Colorado,0219,1,12,152.4,,1,Eastbound,
8,Colorado,0220,1,14,152.4,,1,Eastbound,
8,Colorado,0221,1,14,152.4,,1,Eastbound,
8,Colorado,0222,1,12,152.4,,1,Eastbound,
8,Colorado,0223,1,12,152.4,,1,Eastbound,
8,Colorado,0224,1,14,152.4,,1,Eastbound,
8,Colorado,0501,1,12,152.4,,1,Eastbound,
8,Colorado,0502,1,12,152.4,,1,Eastbound,
8,Colorado,0503,1,12,152.4,,1,Eastbound,
8,Colorado,0504,1,12,152.4,,1,Eastbound,
8,Colorado,0505,1,12,152.4,,1,Eastbound,
8,Colorado,0506,1,12,152.4,,1,Eastbound,
8,Colorado,0507,1,12,152.4,,1,Eastbound,
8,Colorado,0508,1,12,152.4,,1,Eastbound,
8,Colorado,0509,1,12,152.4,,1,Eastbound,
8,Colorado,0559,1,12,152.4,,1,Eastbound,
8,Colorado,0560,1,12,152.4,,1,Eastbound,
8,Colorado,0811,1,12,152.4,,1,Eastbound,
8,Colorado,0812,1,12,152.4,,1,Eastbound,
8,Colorado,1029,1,12,152.4,,2,Westbound,
8,Colorado,1047,1,12,152.4,,2,Westbound,
8,Colorado,1053,1,12,152.4,,3,Northbound,
8,Colorado,1057,1,12,152.4,,4,Southbound,
8,Colorado,2008,1,12,152.4,,2,Westbound,
8,Colorado,3032,1,12,152.4,,1,Eastbound,
8,Colorado,6002,1,12,152.4,,3,Northbound,
8,Colorado,6013,1,12,152.4,,1,Eastbound,
8,Colorado,7035,1,12,152.4,,1,Eastbound,
8,Colorado,7036,1,12,152.4,,1,Eastbound,
8,Colorado,7776,1,12,152.4,,1,Eastbound,
8,Colorado,7780,1,12,152.4,,2,Westbound,
8,Colorado,7781,1,12,152.4,,2,Westbound,
8,Colorado,7783,1,12,152.4,,1,Eastbound,
8,Colorado,9019,1,12,152.4,,3,Northbound,
8,Colorado,9020,1,12,152.4,,4,Southbound,
8,Colorado,A310,1,12,152.4,,3,Northbound,
8,Colorado,A320,1,12,152.4,,3,Northbound,
8,Colorado,A330,1,12,152.4,,3,Northbound,
8,Colorado,A340,1,12,152.4,,3,Northbound,
8,Colorado,A350,1,12,152.4,,3,Northbound,
8,Colorado,A410,1,12,114.0,,3,Northbound,
8,Colorado,A411,1,12,114.0,,3,Northbound,
8,Colorado,A412,1,12,114.0,,3,Northbound,
8,Colorado,A413,1,12,114.0,,3,Northbound,
8,Colorado,A414,1,12,114.0,,3,Northbound,
8,Colorado,A415,1,12,114.0,,3,Northbound,
8,Colorado,A430,1,12,115.0,,3,Northbound,
8,Colorado,A431,1,12,115.0,,3,Northbound,
8,Colorado,A441,1,12,114.0,,3,Northbound,
8,Colorado,A442,1,12,115.0,,3,Northbound,
8,Colorado,A443,1,12,115.0,,3,Northbound,
8,Colorado,A444,1,12,114.0,,3,Northbound,
8,Colorado,A445,1,12,115.0,,3,Northbound,
8,Colorado,A446,1,12,115.0,,3,Northbound,
8,Colorado,A451,1,12,114.0,,3,Northbound,
8,Colorado,A452,1,12,114.0,,3,Northbound,
8,Colorado,A455,1,12,114.0,,3,Northbound,
8,Colorado,B310,1,12,152.4,,2,Westbound,
8,Colorado,B320,1,12,152.4,,2,Westbound,
8,Colorado,B330,1,12,152.4,,2,Westbound,
8,Colorado,B350,1,12,152.4,,2,Westbound,
9,Connecticut,1803,1,11,152.4,,3,Northbound,
9,Connecticut,4008,1,12,152.4,,2,Westbound,
9,Connecticut,4020,1,12,152.4,,2,Westbound,
9,Connecticut,5001,1,12,152.4,,2,Westbound,
10,Delaware,0101,1,12,152.4,,4,Southbound,
10,Delaware,0102,1,12,152.4,,4,Southbound,
10,Delaware,0103,1,12,152.4,,4,Southbound,
10,Delaware,0104,1,12,152.4,,4,Southbound,
10,Delaware,0105,1,12,152.4,,4,Southbound,
10,Delaware,0106,1,12,152.4,,4,Southbound,
10,Delaware,0107,1,12,152.4,,4,Southbound,
10,Delaware,0108,1,12,152.4,,4,Southbound,
10,Delaware,0109,1,12,152.4,,4,Southbound,
10,Delaware,0110,1,12,152.4,,4,Southbound,
10,Delaware,0111,1,12,152.4,,4,Southbound,
10,Delaware,0112,1,12,152.4,,4,Southbound,
10,Delaware,0159,1,12,152.4,,4,Southbound,
10,Delaware,0160,1,12,152.4,,4,Southbound,
10,Delaware,0201,1,12,152.4,,4,Southbound,
10,Delaware,0202,1,14,152.4,,4,Southbound,
10,Delaware,0203,1,14,152.4,,4,Southbound,
10,Delaware,0204,1,12,152.4,,4,Southbound,
10,Delaware,0205,1,12,152.4,,4,Southbound,
10,Delaware,0206,1,14,152.4,,4,Southbound,
10,Delaware,0207,1,14,152.4,,4,Southbound,
10,Delaware,0208,1,12,152.4,,4,Southbound,
10,Delaware,0209,1,12,152.4,,4,Southbound,
10,Delaware,0210,1,14,152.4,,4,Southbound,
10,Delaware,0211,1,14,152.4,,4,Southbound,
10,Delaware,0212,1,12,152.4,,4,Southbound,
10,Delaware,0259,1,12,152.4,,4,Southbound,
10,Delaware,0260,1,12,152.4,,4,Southbound,
10,Delaware,1201,1,12,152.4,,4,Southbound,
10,Delaware,1450,1,12,152.4,,4,Southbound,
10,Delaware,4002,1,12,152.4,,2,Westbound,
10,Delaware,5004,1,12,152.4,,4,Southbound,
10,Delaware,5005,1,12,152.4,,3,Northbound,
11,District of Columbia,1400,1,12,152.4,,3,Northbound,
12,Florida,0502,1,12,152.4,,4,Southbound,
12,Florida,0503,1,12,152.4,,4,Southbound,
12,Florida,0504,1,12,152.4,,4,Southbound,
12,Florida,0505,1,12,152.4,,4,Southbound,
12,Florida,0506,1,12,152.4,,4,Southbound,
12,Florida,0507,1,12,152.4,,4,Southbound,
12,Florida,0508,1,12,152.4,,4,Southbound,
12,Florida,0509,1,12,152.4,,4,Southbound,
12,Florida,0561,1,12,152.4,,4,Southbound,
12,Florida,0562,1,12,152.4,,4,Southbound,
12,Florida,0563,1,12,152.4,,4,Southbound,
12,Florida,0564,1,12,152.4,,4,Southbound,
12,Florida,0565,1,12,152.4,,4,Southbound,
12,Florida,0566,1,12,152.4,,4,Southbound,
12,Florida,1030,1,12,152.4,,4,Southbound,
12,Florida,1060,1,12,152.4,,2,Westbound,
12,Florida,1370,1,12,152.4,,3,Northbound,
12,Florida,3804,1,12,152.4,,4,Southbound,
12,Florida,3811,1,12,152.4,,2,Westbound,
12,Florida,3995,1,12,152.4,,3,Northbound,
12,Florida,3996,1,12,152.4,,3,Northbound,
12,Florida,3997,1,12,152.4,,4,Southbound,
12,Florida,4000,1,12,152.4,,1,Eastbound,
12,Florida,4057,1,12,152.4,,4,Southbound,
12,Florida,4059,1,12,152.4,,4,Southbound,
12,Florida,4096,1,12,152.4,,2,Westbound,
12,Florida,4097,1,12,152.4,,1,Eastbound,
12,Florida,4099,1,12,152.4,,2,Westbound,
12,Florida,4100,1,12,152.4,,3,Northbound,
12,Florida,4101,1,12,152.4,,1,Eastbound,
12,Florida,4103,1,12,152.4,,2,Westbound,
12,Florida,4105,1,12,152.4,,3,Northbound,
12,Florida,4106,1,12,152.4,,3,Northbound,
12,Florida,4107,1,12,152.4,,2,Westbound,
12,Florida,4108,1,12,152.4,,2,Westbound,
12,Florida,4109,1,12,152.4,,4,Southbound,
12,Florida,4135,1,12,152.4,,3,Northbound,
12,Florida,4136,1,12,152.4,,3,Northbound,
12,Florida,4137,1,12,152.4,,3,Northbound,
12,Florida,4138,1,12,152.4,,1,Eastbound,
12,Florida,4154,1,12,152.4,,1,Eastbound,
12,Florida,B310,1,12,152.4,,4,Southbound,
12,Florida,B320,1,12,152.4,,4,Southbound,
12,Florida,B321,1,12,152.4,,4,Southbound,
12,Florida,B330,1,12,152.4,,4,Southbound,
12,Florida,B350,1,12,152.4,,4,Southbound,
12,Florida,B351,1,12,152.4,,4,Southbound,
12,Florida,B352,1,12,152.4,,4,Southbound,
12,Florida,B360,1,12,152.4,,4,Southbound,
12,Florida,C310,1,12,152.4,,1,Eastbound,
12,Florida,C320,1,12,152.4,,1,Eastbound,
12,Florida,C321,1,12,152.4,,1,Eastbound,
12,Florida,C330,1,12,152.4,,1,Eastbound,
12,Florida,C350,1,12,152.4,,1,Eastbound,
13,Georgia,1001,1,12,152.4,,2,Westbound,
13,Georgia,1004,1,12,152.4,,2,Westbound,
13,Georgia,1005,1,12,152.4,,1,Eastbound,
13,Georgia,1031,1,12,152.4,,2,Westbound,
13,Georgia,3007,1,12,152.4,,3,Northbound,
13,Georgia,3011,1,12,152.4,,1,Eastbound,
13,Georgia,3015,1,12,152.4,,1,Eastbound,
13,Georgia,3016,1,12,152.4,,1,Eastbound,
13,Georgia,3017,1,12,152.4,,1,Eastbound,
13,Georgia,3018,1,12,152.4,,1,Eastbound,
13,Georgia,3019,1,12,152.4,,4,Southbound,
13,Georgia,3020,1,12,152.4,,4,Southbound,
13,Georgia,4092,1,12,152.4,,3,Northbound,
13,Georgia,4093,1,12,152.4,,3,Northbound,
13,Georgia,4096,1,12,152.4,,2,Westbound,
13,Georgia,4111,1,12,152.4,,1,Eastbound,
13,Georgia,4112,1,12,152.4,,4,Southbound,
13,Georgia,4113,1,12,152.4,,4,Southbound,
13,Georgia,4119,1,12,152.4,,3,Northbound,
13,Georgia,4420,1,12,152.4,,3,Northbound,
13,Georgia,5023,1,12,152.4,,3,Northbound,
13,Georgia,7028,1,12,152.4,,3,Northbound,
15,Hawaii,1003,1,12,152.4,,2,Westbound,
15,Hawaii,1006,1,12,152.4,,4,Southbound,
15,Hawaii,1008,1,12,152.4,,1,Eastbound,
15,Hawaii,7080,1,12,152.4,,3,Northbound,
16,Idaho,1001,1,13,152.4,,3,Northbound,
16,Idaho,1005,1,13,152.4,,3,Northbound,
16,Idaho,1007,1,13,152.4,,1,Eastbound,
16,Idaho,1009,1,13,152.4,,1,Eastbound,
16,Idaho,1010,1,15,152.4,,4,Southbound,
16,Idaho,1020,1,13,152.4,,3,Northbound,
16,Idaho,1021,1,15,152.4,,2,Westbound,
16,Idaho,3017,1,14,152.4,,1,Eastbound,
16,Idaho,3023,1,12,152.4,,2,Westbound,
16,Idaho,5025,1,12,152.4,,4,Southbound,
16,Idaho,6027,1,13,152.4,,1,Eastbound,
16,Idaho,9032,1,12,152.4,,3,Northbound,
16,Idaho,9034,1,12,152.4,,3,Northbound,
16,Idaho,A310,1,13,152.4,,3,Northbound,
16,Idaho,A320,1,13,152.4,,3,Northbound,
16,Idaho,A330,1,13,152.4,,3,Northbound,
16,Idaho,A350,1,13,152.4,,3,Northbound,
16,Idaho,B310,1,15,152.4,,2,Westbound,
16,Idaho,B320,1,15,152.4,,2,Westbound,
16,Idaho,B330,1,15,152.4,,2,Westbound,
16,Idaho,B350,1,15,152.4,,2,Westbound,
16,Idaho,C310,1,15,152.4,,4,Southbound,
16,Idaho,C320,1,15,152.4,,4,Southbound,
16,Idaho,C330,1,15,152.4,,4,Southbound,
16,Idaho,C350,1,15,152.4,,4,Southbound,
17,Illinois,0601,1,12,152.4,,3,Northbound,
17,Illinois,0602,1,12,305.0,,3,Northbound,
17,Illinois,0603,1,12,152.4,,3,Northbound,
17,Illinois,0604,1,12,152.4,,3,Northbound,
17,Illinois,0605,1,12,305.0,,3,Northbound,
17,Illinois,0606,1,12,152.4,,3,Northbound,
17,Illinois,0607,1,12,152.4,,3,Northbound,
17,Illinois,0608,1,12,152.4,,3,Northbound,
17,Illinois,0659,1,12,152.4,,3,Northbound,
17,Illinois,0660,1,12,152.4,,3,Northbound,
17,Illinois,0661,1,12,152.4,,3,Northbound,
17,Illinois,0662,1,12,152.4,,3,Northbound,
17,Illinois,0663,1,12,152.4,,3,Northbound,
17,Illinois,0664,1,12,152.4,,3,Northbound,
17,Illinois,4074,1,12,152.4,,1,Eastbound,
17,Illinois,4082,1,12,152.4,,2,Westbound,
17,Illinois,5020,1,12,152.4,,2,Westbound,
17,Illinois,5151,1,12,152.4,,1,Eastbound,
17,Illinois,5217,1,12,152.4,,2,Westbound,
17,Illinois,5423,1,12,152.4,,1,Eastbound,
17,Illinois,5453,1,12,152.4,,4,Southbound,
17,Illinois,5843,1,12,152.4,,3,Northbound,
17,Illinois,5849,1,12,152.4,,4,Southbound,
17,Illinois,5854,1,12,152.4,,3,Northbound,
17,Illinois,5869,1,12,152.4,,4,Southbound,
17,Illinois,5908,1,12,152.4,,1,Eastbound,
17,Illinois,6050,1,11,152.4,,1,Eastbound,
17,Illinois,7937,1,12,152.4,,4,Southbound,
17,Illinois,9267,1,12,152.4,,1,Eastbound,
17,Illinois,9327,1,12,152.4,,1,Eastbound,
18,Indiana,0601,1,12,152.4,,3,Northbound,
18,Indiana,0602,1,12,152.4,,3,Northbound,
18,Indiana,0603,1,12,152.4,,3,Northbound,
18,Indiana,0604,1,12,152.4,,3,Northbound,
18,Indiana,0605,1,12,152.4,,3,Northbound,
18,Indiana,0606,1,12,152.4,,3,Northbound,
18,Indiana,0607,1,12,152.4,,3,Northbound,
18,Indiana,0608,1,12,152.4,,3,Northbound,
18,Indiana,0659,1,12,152.4,,3,Northbound,
18,Indiana,0660,1,12,152.4,,3,Northbound,
18,Indiana,0661,1,12,152.4,,3,Northbound,
18,Indiana,0662,1,12,152.4,,3,Northbound,
18,Indiana,0663,1,12,152.4,,3,Northbound,
18,Indiana,0664,1,12,152.4,,3,Northbound,
18,Indiana,0665,1,12,152.4,,3,Northbound,
18,Indiana,0666,1,12,152.4,,3,Northbound,
18,Indiana,0667,1,12,152.4,,3,Northbound,
18,Indiana,0668,1,12,152.4,,3,Northbound,
18,Indiana,0669,1,12,152.4,,3,Northbound,
18,Indiana,0670,1,12,152.4,,3,Northbound,
18,Indiana,0671,1,12,152.4,,3,Northbound,
18,Indiana,0672,1,12,152.4,,3,Northbound,
18,Indiana,2008,1,12,152.4,,4,Southbound,
18,Indiana,2009,1,12,152.4,,3,Northbound,
18,Indiana,3002,1,12,152.4,,4,Southbound,
18,Indiana,3003,1,12,152.4,,3,Northbound,
18,Indiana,3030,1,12,152.4,,2,Westbound,
18,Indiana,3031,1,12,152.4,,2,Westbound,
18,Indiana,4021,1,12,152.4,,3,Northbound,
18,Indiana,4042,1,12,152.4,,2,Westbound,
18,Indiana,5022,1,12,152.4,,3,Northbound,
18,Indiana,5043,1,12,152.4,,1,Eastbound,
18,Indiana,5518,1,12,152.4,,3,Northbound,
18,Indiana,5528,1,12,152.4,,1,Eastbound,
18,Indiana,5538,1,12,152.4,,1,Eastbound,
18,Indiana,9020,1,12,152.4,,4,Southbound,
18,Indiana,A410,1,12,152.4,,2,Westbound,
18,Indiana,A430,1,12,152.4,,2,Westbound,
19,Iowa,0101,1,12,152.4,,4,Southbound,
19,Iowa,0102,1,12,152.4,,4,Southbound,
19,Iowa,0103,1,12,152.4,,4,Southbound,
19,Iowa,0104,1,12,152.4,,4,Southbound,
19,Iowa,0105,1,12,152.4,,4,Southbound,
19,Iowa,0106,1,12,152.4,,4,Southbound,
19,Iowa,0107,1,12,152.4,,4,Southbound,
19,Iowa,0108,1,12,152.4,,4,Southbound,
19,Iowa,0109,1,12,152.4,,4,Southbound,
19,Iowa,0110,1,12,152.4,,4,Southbound,
19,Iowa,0111,1,12,152.4,,4,Southbound,
19,Iowa,0112,1,12,152.4,,4,Southbound,
19,Iowa,0159,1,12,152.4,,4,Southbound,
19,Iowa,0213,1,14,152.4,,3,Northbound,
19,Iowa,0214,1,12,152.4,,3,Northbound,
19,Iowa,0215,1,12,152.4,,3,Northbound,
19,Iowa,0216,1,12,152.4,,3,Northbound,
19,Iowa,0217,1,14,152.4,,3,Northbound,
19,Iowa,0218,1,12,152.4,,3,Northbound,
19,Iowa,0219,1,14,152.4,,3,Northbound,
19,Iowa,0220,1,14,152.4,,3,Northbound,
19,Iowa,0221,1,14,152.4,,3,Northbound,
19,Iowa,0222,1,12,152.4,,3,Northbound,
19,Iowa,0223,1,12,152.4,,3,Northbound,
19,Iowa,0224,1,14,152.4,,3,Northbound,
19,Iowa,0259,1,14,152.4,,3,Northbound,
19,Iowa,0601,1,12,152.4,,4,Southbound,
19,Iowa,0602,1,12,305.0,,4,Southbound,
19,Iowa,0603,1,12,152.4,,4,Southbound,
19,Iowa,0604,1,12,152.4,,4,Southbound,
19,Iowa,0605,1,12,305.0,,4,Southbound,
19,Iowa,0606,1,12,152.4,,4,Southbound,
19,Iowa,0607,1,12,152.4,,4,Southbound,
19,Iowa,0608,1,12,152.4,,4,Southbound,
19,Iowa,0659,1,12,152.4,,4,Southbound,
19,Iowa,0701,1,12,152.4,,3,Northbound,
19,Iowa,0702,1,12,152.4,,3,Northbound,
19,Iowa,0703,1,12,152.4,,3,Northbound,
19,Iowa,0704,1,12,152.4,,3,Northbound,
19,Iowa,0705,1,12,152.4,,3,Northbound,
19,Iowa,0706,1,12,152.4,,3,Northbound,
19,Iowa,0707,1,12,152.4,,3,Northbound,
19,Iowa,0708,1,12,152.4,,3,Northbound,
19,Iowa,0709,1,12,152.4,,3,Northbound,
19,Iowa,0759,1,12,152.4,,3,Northbound,
19,Iowa,3006,1,12,152.4,,1,Eastbound,
19,Iowa,3009,1,12,152.4,,3,Northbound,
19,Iowa,3028,1,12,152.4,,3,Northbound,
19,Iowa,3033,1,12,152.4,,3,Northbound,
19,Iowa,3055,1,12,152.4,,2,Westbound,
19,Iowa,5042,1,12,152.4,,3,Northbound,
19,Iowa,5046,1,12,152.4,,3,Northbound,
19,Iowa,6150,1,12,152.4,,3,Northbound,
19,Iowa,9116,1,12,152.4,,3,Northbound,
19,Iowa,9126,1,12,152.4,,2,Westbound,
19,Iowa,A310,1,12,152.4,,3,Northbound,
19,Iowa,A320,1,12,152.4,,3,Northbound,
19,Iowa,A330,1,12,152.4,,3,Northbound,
19,Iowa,A340,1,12,152.4,,3,Northbound,
19,Iowa,A350,1,12,152.4,,3,Northbound,
19,Iowa,A410,1,12,152.4,,2,Westbound,
19,Iowa,A430,1,12,152.4,,2,Westbound,
19,Iowa,B410,1,12,152.4,,3,Northbound,
19,Iowa,B430,1,12,152.4,,3,Northbound,
20,Kansas,0101,1,12,152.4,,1,Eastbound,
20,Kansas,0102,1,12,152.4,,1,Eastbound,
20,Kansas,0103,1,12,152.4,,1,Eastbound,
20,Kansas,0104,1,12,152.4,,1,Eastbound,
20,Kansas,0105,1,12,152.4,,1,Eastbound,
20,Kansas,0106,1,12,152.4,,1,Eastbound,
20,Kansas,0107,1,12,152.4,,1,Eastbound,
20,Kansas,0108,1,12,152.4,,1,Eastbound,
20,Kansas,0109,1,12,152.4,,1,Eastbound,
20,Kansas,0110,1,12,152.4,,1,Eastbound,
20,Kansas,0111,1,12,152.4,,1,Eastbound,
20,Kansas,0112,1,12,152.4,,1,Eastbound,
20,Kansas,0160,1,12,152.4,,1,Eastbound,
20,Kansas,0161,1,12,152.4,,1,Eastbound,
20,Kansas,0163,1,12,152.4,,1,Eastbound,
20,Kansas,0201,1,12,152.4,,2,Westbound,
20,Kansas,0202,1,14,152.4,,2,Westbound,
20,Kansas,0203,1,14,152.4,,2,Westbound,
20,Kansas,0204,1,12,152.4,,2,Westbound,
20,Kansas,0205,1,12,152.4,,2,Westbound,
20,Kansas,0206,1,14,152.4,,2,Westbound,
20,Kansas,0207,1,14,152.4,,2,Westbound,
20,Kansas,0208,1,12,152.4,,2,Westbound,
20,Kansas,0209,1,12,152.4,,2,Westbound,
20,Kansas,0210,1,14,152.4,,2,Westbound,
20,Kansas,0211,1,14,152.4,,2,Westbound,
20,Kansas,0212,1,12,152.4,,2,Westbound,
20,Kansas,0259,1,12,152.4,,2,Westbound,
20,Kansas,0901,1,12,152.4,,1,Eastbound,
20,Kansas,0902,1,12,152.4,,1,Eastbound,
20,Kansas,0903,1,12,152.4,,1,Eastbound,
20,Kansas,3013,1,12,152.4,,4,Southbound,
20,Kansas,3015,1,12,152.4,,1,Eastbound,
20,Kansas,3060,1,12,152.4,,3,Northbound,
20,Kansas,4016,1,12,152.4,,2,Westbound,
20,Kansas,4052,1,12,152.4,,1,Eastbound,
20,Kansas,4053,1,12,152.4,,1,Eastbound,
20,Kansas,4054,1,12,152.4,,2,Westbound,
20,Kansas,4063,1,12,152.4,,4,Southbound,
20,Kansas,4067,1,12,152.4,,1,Eastbound,
20,Kansas,7073,1,12,152.4,,2,Westbound,
20,Kansas,7085,1,12,152.4,,2,Westbound,
20,Kansas,9037,1,12,152.4,,1,Eastbound,
20,Kansas,A410,1,12,152.4,,2,Westbound,
20,Kansas,A411,1,12,152.4,,2,Westbound,
20,Kansas,A412,1,12,152.4,,2,Westbound,
20,Kansas,A430,1,12,152.4,,2,Westbound,
20,Kansas,B410,1,12,152.4,,2,Westbound,
20,Kansas,B430,1,12,152.4,,2,Westbound,
21,Kentucky,1010,1,12,152.4,,4,Southbound,
21,Kentucky,3016,1,12,152.4,,3,Northbound,
21,Kentucky,4025,1,12,152.4,,1,Eastbound,
21,Kentucky,6040,1,12,152.4,,4,Southbound,
21,Kentucky,6043,1,12,152.4,,2,Westbound,
21,Kentucky,A310,1,12,152.4,,4,Southbound,
21,Kentucky,A320,1,12,152.4,,4,Southbound,
21,Kentucky,A330,1,12,152.4,,4,Southbound,
21,Kentucky,A340,1,12,152.4,,4,Southbound,
21,Kentucky,A350,1,12,152.4,,4,Southbound,
21,Kentucky,A410,1,12,152.4,,3,Northbound,
21,Kentucky,A430,1,12,152.4,,3,Northbound,
22,Louisiana,3056,1,12,152.4,,3,Northbound,
22,Louisiana,4001,1,12,152.4,,1,Eastbound,
23,Maine,0501,1,12,152.4,,3,Northbound,
23,Maine,0502,1,12,152.4,,3,Northbound,
23,Maine,0503,1,12,152.4,,3,Northbound,
23,Maine,0504,1,12,152.4,,3,Northbound,
23,Maine,0505,1,12,152.4,,3,Northbound,
23,Maine,0506,1,12,152.4,,3,Northbound,
23,Maine,0507,1,12,152.4,,3,Northbound,
23,Maine,0508,1,12,152.4,,3,Northbound,
23,Maine,0509,1,12,152.4,,3,Northbound,
23,Maine,0559,1,12,152.4,,3,Northbound,
23,Maine,1001,1,12,152.4,,3,Northbound,
23,Maine,1009,1,12,152.4,,3,Northbound,
23,Maine,1012,1,12,152.4,,4,Southbound,
23,Maine,1026,1,12,152.4,,2,Westbound,
23,Maine,1028,1,12,152.4,,1,Eastbound,
23,Maine,3013,1,12,152.4,,3,Northbound,
23,Maine,3014,1,12,152.4,,3,Northbound,
23,Maine,7023,1,12,152.4,,4,Southbound,
24,Maryland,0501,1,12,152.4,,3,Northbound,
24,Maryland,0502,1,12,152.4,,3,Northbound,
24,Maryland,0503,1,12,152.4,,3,Northbound,
24,Maryland,0504,1,12,152.4,,3,Northbound,
24,Maryland,0505,1,12,152.4,,3,Northbound,
24,Maryland,0506,1,12,152.4,,3,Northbound,
24,Maryland,0507,1,12,152.4,,3,Northbound,
24,Maryland,0508,1,12,152.4,,3,Northbound,
24,Maryland,0509,1,12,152.4,,3,Northbound,
24,Maryland,0559,1,12,152.4,,3,Northbound,
24,Maryland,0560,1,12,152.4,,3,Northbound,
24,Maryland,0561,1,12,152.4,,3,Northbound,
24,Maryland,0562,1,12,152.4,,3,Northbound,
24,Maryland,0563,1,12,152.4,,3,Northbound,
24,Maryland,0901,1,12,152.4,,2,Westbound,
24,Maryland,0902,1,12,152.4,,2,Westbound,
24,Maryland,0903,1,12,152.4,,2,Westbound,
24,Maryland,0960,1,12,152.4,,1,Eastbound,
24,Maryland,0961,1,12,152.4,,2,Westbound,
24,Maryland,0962,1,12,152.4,,2,Westbound,
24,Maryland,1632,1,12,152.4,,3,Northbound,
24,Maryland,1634,1,12,152.4,,1,Eastbound,
24,Maryland,2401,1,12,152.4,,4,Southbound,
24,Maryland,2805,1,12,152.4,,2,Westbound,
24,Maryland,5807,1,12,152.4,,4,Southbound,
24,Maryland,A310,1,12,152.4,,1,Eastbound,
24,Maryland,A311,1,12,152.4,,1,Eastbound,
24,Maryland,A320,1,12,152.4,,1,Eastbound,
24,Maryland,A330,1,12,152.4,,1,Eastbound,
24,Maryland,A331,1,12,152.4,,1,Eastbound,
24,Maryland,A340,1,12,152.4,,1,Eastbound,
24,Maryland,A350,1,12,152.4,,1,Eastbound,
25,Massachusetts,1002,1,12,152.4,,3,Northbound,
25,Massachusetts,1003,1,12,152.4,,3,Northbound,
25,Massachusetts,1004,1,12,152.4,,1,Eastbound,
26,Michigan,0601,1,12,152.4,,1,Eastbound,
26,Michigan,0602,1,12,305.0,,1,Eastbound,
26,Michigan,0603,1,12,152.4,,1,Eastbound,
26,Michigan,0604,1,12,152.4,,1,Eastbound,
26,Michigan,0605,1,12,305.0,,1,Eastbound,
26,Michigan,0606,1,12,152.4,,1,Eastbound,
26,Michigan,0607,1,12,152.4,,1,Eastbound,
26,Michigan,0608,1,12,152.4,,1,Eastbound,
26,Michigan,0659,1,12,152.4,,1,Eastbound,
26,Michigan,0901,1,12,152.4,,3,Northbound,
26,Michigan,0902,1,12,152.4,,3,Northbound,
26,Michigan,0903,1,12,152.4,,3,Northbound,
26,Michigan,1001,1,12,152.4,,1,Eastbound,
26,Michigan,1004,1,12,152.4,,3,Northbound,
26,Michigan,1010,1,12,152.4,,1,Eastbound,
26,Michigan,1012,1,12,152.4,,4,Southbound,
26,Michigan,1013,1,12,152.4,,3,Northbound,
26,Michigan,3068,1,12,152.4,,2,Westbound,
26,Michigan,4015,1,12,152.4,,1,Eastbound,
26,Michigan,5363,1,12,152.4,,4,Southbound,
26,Michigan,6016,1,12,152.4,,4,Southbound,
26,Michigan,7072,1,12,152.4,,3,Northbound,
26,Michigan,9029,1,12,152.4,,2,Westbound,
26,Michigan,9030,1,12,152.4,,3,Northbound,
26,Michigan,A310,1,12,152.4,,3,Northbound,
26,Michigan,A320,1,12,152.4,,3,Northbound,
26,Michigan,A321,1,12,152.4,,3,Northbound,
26,Michigan,A330,1,12,152.4,,3,Northbound,
26,Michigan,A340,1,12,152.4,,3,Northbound,
26,Michigan,A350,1,12,152.4,,3,Northbound,
26,Michigan,B310,1,12,152.4,,4,Southbound,
26,Michigan,B320,1,12,152.4,,4,Southbound,
26,Michigan,B321,1,12,152.4,,4,Southbound,
26,Michigan,B330,1,12,152.4,,4,Southbound,
26,Michigan,B340,1,12,152.4,,4,Southbound,
26,Michigan,B350,1,12,152.4,,4,Southbound,
26,Michigan,C310,1,12,152.4,,1,Eastbound,
26,Michigan,C320,1,12,152.4,,1,Eastbound,
26,Michigan,C330,1,12,152.4,,1,Eastbound,
26,Michigan,C340,1,12,152.4,,1,Eastbound,
26,Michigan,C350,1,12,152.4,,1,Eastbound,
26,Michigan,C351,1,12,152.4,,1,Eastbound,
26,Michigan,D310,1,12,152.4,,1,Eastbound,
26,Michigan,D320,1,12,152.4,,1,Eastbound,
26,Michigan,D330,1,12,152.4,,1,Eastbound,
26,Michigan,D340,1,12,152.4,,1,Eastbound,
26,Michigan,D350,1,12,152.4,,1,Eastbound,
26,Michigan,D351,1,12,152.4,,1,Eastbound,
27,Minnesota,0501,1,12,152.4,,2,Westbound,
27,Minnesota,0502,1,12,152.4,,2,Westbound,
27,Minnesota,0503,1,12,152.4,,2,Westbound,
27,Minnesota,0504,1,12,152.4,,2,Westbound,
27,Minnesota,0505,1,12,152.4,,2,Westbound,
27,Minnesota,0506,1,12,152.4,,2,Westbound,
27,Minnesota,0507,1,12,152.4,,2,Westbound,
27,Minnesota,0508,1,12,152.4,,2,Westbound,
27,Minnesota,0509,1,12,152.4,,2,Westbound,
27,Minnesota,0559,1,12,152.4,,2,Westbound,
27,Minnesota,0560,1,12,152.4,,2,Westbound,
27,Minnesota,0561,1,12,152.4,,2,Westbound,
27,Minnesota,0701,1,12,152.4,,1,Eastbound,
27,Minnesota,0702,1,12,152.4,,1,Eastbound,
27,Minnesota,0703,1,12,152.4,,1,Eastbound,
27,Minnesota,0704,1,12,152.4,,1,Eastbound,
27,Minnesota,0705,1,12,152.4,,1,Eastbound,
27,Minnesota,0706,1,12,152.4,,1,Eastbound,
27,Minnesota,0707,1,12,152.4,,1,Eastbound,
27,Minnesota,0708,1,12,152.4,,1,Eastbound,
27,Minnesota,0709,1,12,152.4,,1,Eastbound,
27,Minnesota,0759,1,12,152.4,,1,Eastbound,
27,Minnesota,0901,1,12,152.4,,4,Southbound,
27,Minnesota,0902,1,12,152.4,,4,Southbound,
27,Minnesota,0903,1,12,152.4,,4,Southbound,
27,Minnesota,0909,1,12,152.4,,4,Southbound,
27,Minnesota,0910,1,12,152.4,,4,Southbound,
27,Minnesota,1003,1,12,152.4,,2,Westbound,
27,Minnesota,1016,1,12,152.4,,4,Southbound,
27,Minnesota,1017,1,12,152.4,,2,Westbound,
27,Minnesota,1018,1,12,152.4,,1,Eastbound,
27,Minnesota,1019,1,12,152.4,,3,Northbound,
27,Minnesota,1020,1,12,152.4,,2,Westbound,
27,Minnesota,1023,1,12,152.4,,1,Eastbound,
27,Minnesota,2018,1,12,152.4,,2,Westbound,
27,Minnesota,2023,1,12,152.4,,2,Westbound,
27,Minnesota,3003,1,14,152.4,,3,Northbound,
27,Minnesota,3005,1,12,152.4,,2,Westbound,
27,Minnesota,3007,1,14,152.4,,2,Westbound,
27,Minnesota,3009,1,12,152.4,,2,Westbound,
27,Minnesota,3010,1,12,152.4,,2,Westbound,
27,Minnesota,3012,1,12,152.4,,2,Westbound,
27,Minnesota,3013,1,14,152.4,,4,Southbound,
27,Minnesota,4033,1,12,152.4,,3,Northbound,
27,Minnesota,4034,1,12,152.4,,3,Northbound,
27,Minnesota,4037,1,12,152.4,,4,Southbound,
27,Minnesota,4040,1,12,152.4,,2,Westbound,
27,Minnesota,4050,1,12,152.4,,2,Westbound,
27,Minnesota,4054,1,12,152.4,,2,Westbound,
27,Minnesota,4055,1,12,152.4,,1,Eastbound,
27,Minnesota,4082,1,12,152.4,,1,Eastbound,
27,Minnesota,5076,1,12,152.4,,2,Westbound,
27,Minnesota,6064,1,12,152.4,,2,Westbound,
27,Minnesota,6251,1,12,152.4,,2,Westbound,
27,Minnesota,6300,1,14,152.4,,2,Westbound,
27,Minnesota,7090,1,12,152.4,,4,Southbound,
27,Minnesota,A310,1,12,152.4,,4,Southbound,
27,Minnesota,A320,1,12,152.4,,4,Southbound,
27,Minnesota,A330,1,12,152.4,,4,Southbound,
27,Minnesota,A340,1,12,152.4,,4,Southbound,
27,Minnesota,A350,1,12,152.4,,4,Southbound,
27,Minnesota,B310,1,12,152.4,,2,Westbound,
27,Minnesota,B320,1,12,152.4,,2,Westbound,
27,Minnesota,B330,1,12,152.4,,2,Westbound,
27,Minnesota,B340,1,12,152.4,,2,Westbound,
27,Minnesota,B350,1,12,152.4,,2,Westbound,
27,Minnesota,D310,1,12,152.4,,3,Northbound,
27,Minnesota,D320,1,12,152.4,,3,Northbound,
27,Minnesota,D330,1,12,152.4,,3,Northbound,
27,Minnesota,D340,1,12,152.4,,3,Northbound,
27,Minnesota,D350,1,12,152.4,,3,Northbound,
28,Mississippi,0501,1,12,152.4,,3,Northbound,
28,Mississippi,0502,1,12,152.4,,3,Northbound,
28,Mississippi,0503,1,12,152.4,,3,Northbound,
28,Mississippi,0504,1,12,152.4,,3,Northbound,
28,Mississippi,0505,1,12,152.4,,3,Northbound,
28,Mississippi,0506,1,12,152.4,,3,Northbound,
28,Mississippi,0507,1,12,152.4,,3,Northbound,
28,Mississippi,0508,1,12,152.4,,3,Northbound,
28,Mississippi,0509,1,12,152.4,,3,Northbound,
28,Mississippi,0560,1,12,152.4,,3,Northbound,
28,Mississippi,1001,1,12,152.4,,3,Northbound,
28,Mississippi,1016,1,12,152.4,,3,Northbound,
28,Mississippi,1802,1,12,152.4,,1,Eastbound,
28,Mississippi,2807,1,12,152.4,,1,Eastbound,
28,Mississippi,3018,1,12,152.4,,2,Westbound,
28,Mississippi,3081,1,12,152.4,,2,Westbound,
28,Mississippi,3082,1,12,152.4,,2,Westbound,
28,Mississippi,3083,1,11,152.4,,1,Eastbound,
28,Mississippi,3085,1,11,152.4,,1,Eastbound,
28,Mississippi,3087,1,12,152.4,,4,Southbound,
28,Mississippi,3089,1,12,152.4,,1,Eastbound,
28,Mississippi,3090,1,11,152.4,,1,Eastbound,
28,Mississippi,3091,1,12,152.4,,4,Southbound,
28,Mississippi,3093,1,12,152.4,,1,Eastbound,
28,Mississippi,3094,1,12,152.4,,1,Eastbound,
28,Mississippi,3097,1,12,152.4,,3,Northbound,
28,Mississippi,3099,1,12,152.4,,1,Eastbound,
28,Mississippi,4024,1,12,152.4,,3,Northbound,
28,Mississippi,5006,1,12,152.4,,2,Westbound,
28,Mississippi,5025,1,12,152.4,,2,Westbound,
28,Mississippi,5803,1,12,152.4,,2,Westbound,
28,Mississippi,5805,1,12,152.4,,2,Westbound,
28,Mississippi,7012,1,12,152.4,,2,Westbound,
28,Mississippi,9030,1,12,152.4,,1,Eastbound,
28,Mississippi,A310,1,12,152.4,,1,Eastbound,
28,Mississippi,A320,1,12,152.4,,1,Eastbound,
28,Mississippi,A330,1,12,152.4,,1,Eastbound,
28,Mississippi,A350,1,12,152.4,,1,Eastbound,
28,Mississippi,A410,1,12,152.4,,3,Northbound,
28,Mississippi,A430,1,12,152.4,,3,Northbound,
29,Missouri,0501,1,12,152.4,,3,Northbound,
29,Missouri,0502,1,12,152.4,,3,Northbound,
29,Missouri,0503,1,12,152.4,,3,Northbound,
29,Missouri,0504,1,12,152.4,,3,Northbound,
29,Missouri,0505,1,12,152.4,,3,Northbound,
29,Missouri,0506,1,12,152.4,,3,Northbound,
29,Missouri,0507,1,12,152.4,,3,Northbound,
29,Missouri,0508,1,12,152.4,,3,Northbound,
29,Missouri,0509,1,12,152.4,,3,Northbound,
29,Missouri,0601,1,12,152.4,,4,Southbound,
29,Missouri,0602,1,12,305.0,,4,Southbound,
29,Missouri,0603,1,12,152.4,,4,Southbound,
29,Missouri,0604,1,12,152.4,,4,Southbound,
29,Missouri,0605,1,12,305.0,,4,Southbound,
29,Missouri,0606,1,12,152.4,,4,Southbound,
29,Missouri,0607,1,12,152.4,,4,Southbound,
29,Missouri,0608,1,12,152.4,,4,Southbound,
29,Missouri,0659,1,12,152.4,,4,Southbound,
29,Missouri,0660,1,12,152.4,,4,Southbound,
29,Missouri,0661,1,12,152.4,,4,Southbound,
29,Missouri,0662,1,12,152.4,,4,Southbound,
29,Missouri,0663,1,12,152.4,,4,Southbound,
29,Missouri,0664,1,12,152.4,,4,Southbound,
29,Missouri,0665,1,12,152.4,,4,Southbound,
29,Missouri,0666,1,12,152.4,,4,Southbound,
29,Missouri,0701,1,12,152.4,,3,Northbound,
29,Missouri,0702,1,12,152.4,,3,Northbound,
29,Missouri,0703,1,12,152.4,,3,Northbound,
29,Missouri,0704,1,12,152.4,,3,Northbound,
29,Missouri,0705,1,12,152.4,,3,Northbound,
29,Missouri,0706,1,12,152.4,,3,Northbound,
29,Missouri,0707,1,12,152.4,,3,Northbound,
29,Missouri,0708,1,12,152.4,,3,Northbound,
29,Missouri,0709,1,12,152.4,,3,Northbound,
29,Missouri,0759,1,12,152.4,,3,Northbound,
29,Missouri,0760,1,12,152.4,,3,Northbound,
29,Missouri,0901,1,12,152.4,,4,Southbound,
29,Missouri,0902,1,12,152.4,,4,Southbound,
29,Missouri,0903,1,12,152.4,,4,Southbound,
29,Missouri,0959,1,12,152.4,,4,Southbound,
29,Missouri,0960,1,12,152.4,,4,Southbound,
29,Missouri,0961,1,12,152.4,,4,Southbound,
29,Missouri,0962,1,12,152.4,,4,Southbound,
29,Missouri,0963,1,12,152.4,,4,Southbound,
29,Missouri,0964,1,12,152.4,,4,Southbound,
29,Missouri,1002,1,12,152.4,,2,Westbound,
29,Missouri,1005,1,12,152.4,,2,Westbound,
29,Missouri,1008,1,12,152.4,,4,Southbound,
29,Missouri,1010,1,12,152.4,,1,Eastbound,
29,Missouri,4036,1,12,152.4,,3,Northbound,
29,Missouri,4069,1,12,152.4,,4,Southbound,
29,Missouri,5000,1,12,152.4,,3,Northbound,
29,Missouri,5047,1,12,152.4,,1,Eastbound,
29,Missouri,5058,1,12,152.4,,3,Northbound,
29,Missouri,5081,1,12,152.4,,3,Northbound,
29,Missouri,5091,1,12,152.4,,3,Northbound,
29,Missouri,5393,1,11,152.4,,3,Northbound,
29,Missouri,5403,1,12,152.4,,1,Eastbound,
29,Missouri,5413,1,12,152.4,,1,Eastbound,
29,Missouri,5473,1,12,152.4,,2,Westbound,
29,Missouri,5483,1,12,152.4,,2,Westbound,
29,Missouri,5503,1,12,152.4,,4,Southbound,
29,Missouri,6067,1,12,152.4,,1,Eastbound,
29,Missouri,7054,1,12,152.4,,1,Eastbound,
29,Missouri,7073,1,12,152.4,,3,Northbound,
29,Missouri,A310,1,12,152.4,,2,Westbound,
29,Missouri,A320,1,12,152.4,,2,Westbound,
29,Missouri,A330,1,12,152.4,,2,Westbound,
29,Missouri,A340,1,12,152.4,,2,Westbound,
29,Missouri,A350,1,12,152.4,,2,Westbound,
29,Missouri,A351,1,12,152.4,,2,Westbound,
29,Missouri,A410,1,12,152.4,,3,Northbound,
29,Missouri,A411,1,12,152.4,,3,Northbound,
29,Missouri,A430,1,12,152.4,,3,Northbound,
29,Missouri,A601,1,12,152.4,,1,Eastbound,
29,Missouri,A602,1,12,305.0,,1,Eastbound,
29,Missouri,A603,1,12,152.4,,1,Eastbound,
29,Missouri,A604,1,12,152.4,,1,Eastbound,
29,Missouri,A605,1,12,305.0,,1,Eastbound,
29,Missouri,A606,1,12,152.4,,1,Eastbound,
29,Missouri,A607,1,12,152.4,,1,Eastbound,
29,Missouri,A608,1,12,152.4,,1,Eastbound,
29,Missouri,B310,1,12,152.4,,2,Westbound,
29,Missouri,B320,1,12,152.4,,2,Westbound,
29,Missouri,B330,1,12,152.4,,2,Westbound,
29,Missouri,B340,1,12,152.4,,2,Westbound,
29,Missouri,B350,1,12,152.4,,2,Westbound,
29,Missouri,B351,1,12,152.4,,2,Westbound,
29,Missouri,B410,1,12,152.4,,4,Southbound,
29,Missouri,B411,1,12,152.4,,4,Southbound,
29,Missouri,B430,1,12,152.4,,4,Southbound,
30,Montana,0113,1,12,152.4,,3,Northbound,
30,Montana,0114,1,12,152.4,,3,Northbound,
30,Montana,0115,1,12,152.4,,3,Northbound,
30,Montana,0116,1,12,152.4,,3,Northbound,
30,Montana,0117,1,12,152.4,,3,Northbound,
30,Montana,0118,1,12,152.4,,3,Northbound,
30,Montana,0119,1,12,152.4,,3,Northbound,
30,Montana,0120,1,12,152.4,,3,Northbound,
30,Montana,0121,1,12,152.4,,3,Northbound,
30,Montana,0122,1,12,152.4,,3,Northbound,
30,Montana,0123,1,12,152.4,,3,Northbound,
30,Montana,0124,1,12,152.4,,3,Northbound,
30,Montana,0502,1,12,152.4,,2,Westbound,
30,Montana,0503,1,12,152.4,,2,Westbound,
30,Montana,0504,1,12,152.4,,2,Westbound,
30,Montana,0505,1,12,137.0,,2,Westbound,
30,Montana,0506,1,12,152.4,,2,Westbound,
30,Montana,0507,1,12,152.4,,2,Westbound,
30,Montana,0508,1,12,152.4,,2,Westbound,
30,Montana,0509,1,12,152.4,,2,Westbound,
30,Montana,0560,1,12,152.4,,2,Westbound,
30,Montana,0561,1,12,152.4,,2,Westbound,
30,Montana,0805,1,12,152.4,,3,Northbound,
30,Montana,0806,1,12,152.4,,3,Northbound,
30,Montana,0901,1,12,152.4,,3,Northbound,
30,Montana,0902,1,12,152.4,,3,Northbound,
30,Montana,0903,1,12,152.4,,3,Northbound,
30,Montana,1001,1,12,152.4,,2,Westbound,
30,Montana,6004,1,12,152.4,,2,Westbound,
30,Montana,7066,1,12,152.4,,2,Westbound,
30,Montana,7075,1,12,152.4,,1,Eastbound,
30,Montana,7076,1,12,152.4,,1,Eastbound,
30,Montana,7088,1,12,152.4,,1,Eastbound,
30,Montana,8129,1,12,152.4,,1,Eastbound,
30,Montana,A310,1,12,152.4,,2,Westbound,
30,Montana,A320,1,12,152.4,,2,Westbound,
30,Montana,A330,1,12,152.4,,2,Westbound,
30,Montana,A350,1,12,152.4,,2,Westbound,
31,Nebraska,0113,1,12,152.4,,4,Southbound,
31,Nebraska,0114,1,12,152.4,,4,Southbound,
31,Nebraska,0115,1,12,152.4,,4,Southbound,
31,Nebraska,0116,1,12,152.4,,4,Southbound,
31,Nebraska,0117,1,12,152.4,,4,Southbound,
31,Nebraska,0118,1,12,152.4,,4,Southbound,
31,Nebraska,0119,1,12,152.4,,4,Southbound,
31,Nebraska,0120,1,12,152.4,,4,Southbound,
31,Nebraska,0121,1,12,152.4,,4,Southbound,
31,Nebraska,0122,1,12,152.4,,4,Southbound,
31,Nebraska,0123,1,12,152.4,,4,Southbound,
31,Nebraska,0124,1,12,152.4,,4,Southbound,
31,Nebraska,0902,1,12,152.4,,4,Southbound,
31,Nebraska,0903,1,12,152.4,,4,Southbound,
31,Nebraska,0904,1,12,152.4,,4,Southbound,
31,Nebraska,3018,1,12,152.4,,2,Westbound,
31,Nebraska,3023,1,12,152.4,,1,Eastbound,
31,Nebraska,3024,1,12,152.4,,2,Westbound,
31,Nebraska,3028,1,12,152.4,,4,Southbound,
31,Nebraska,3033,1,12,152.4,,3,Northbound,
31,Nebraska,4019,1,12,152.4,,1,Eastbound,
31,Nebraska,5052,1,12,152.4,,3,Northbound,
31,Nebraska,6701,1,12,152.4,,3,Northbound,
31,Nebraska,6702,1,12,152.4,,1,Eastbound,
31,Nebraska,7005,1,12,152.4,,1,Eastbound,
31,Nebraska,7017,1,12,152.4,,2,Westbound,
31,Nebraska,7040,1,11,152.4,,1,Eastbound,
31,Nebraska,7050,1,12,152.4,,2,Westbound,
31,Nebraska,A410,1,12,152.4,,4,Southbound,
31,Nebraska,A430,1,12,152.4,,4,Southbound,
31,Nebraska,B410,1,12,152.4,,1,Eastbound,
31,Nebraska,B430,1,12,152.4,,1,Eastbound,
31,Nebraska,C410,1,12,152.4,,1,Eastbound,
31,Nebraska,C430,1,12,152.4,,1,Eastbound,
32,Nevada,0101,1,12,152.4,,1,Eastbound,
32,Nevada,0102,1,12,152.4,,1,Eastbound,
32,Nevada,0103,1,12,152.4,,1,Eastbound,
32,Nevada,0104,1,12,152.4,,1,Eastbound,
32,Nevada,0105,1,12,152.4,,1,Eastbound,
32,Nevada,0106,1,12,152.4,,1,Eastbound,
32,Nevada,0107,1,12,152.4,,1,Eastbound,
32,Nevada,0108,1,12,152.4,,1,Eastbound,
32,Nevada,0109,1,12,152.4,,1,Eastbound,
32,Nevada,0110,1,12,152.4,,1,Eastbound,
32,Nevada,0111,1,12,152.4,,1,Eastbound,
32,Nevada,0112,1,12,152.4,,1,Eastbound,
32,Nevada,0201,1,12,152.4,,1,Eastbound,
32,Nevada,0202,1,14,152.4,,1,Eastbound,
32,Nevada,0203,1,14,152.4,,1,Eastbound,
32,Nevada,0204,1,12,152.4,,1,Eastbound,
32,Nevada,0205,1,12,152.4,,1,Eastbound,
32,Nevada,0206,1,14,152.4,,1,Eastbound,
32,Nevada,0207,1,14,152.4,,1,Eastbound,
32,Nevada,0208,1,12,152.4,,1,Eastbound,
32,Nevada,0209,1,12,152.4,,1,Eastbound,
32,Nevada,0210,1,14,152.4,,1,Eastbound,
32,Nevada,0211,1,14,152.4,,1,Eastbound,
32,Nevada,0259,1,12,152.4,,1,Eastbound,
32,Nevada,1020,1,12,152.4,,4,Southbound,
32,Nevada,1021,1,12,152.4,,2,Westbound,
32,Nevada,1030,1,12,152.4,,4,Southbound,
32,Nevada,2027,1,12,152.4,,1,Eastbound,
32,Nevada,3010,1,12,152.4,,2,Westbound,
32,Nevada,3013,1,12,152.4,,2,Westbound,
32,Nevada,7000,1,12,152.4,,1,Eastbound,
32,Nevada,7084,1,12,152.4,,3,Northbound,
32,Nevada,A310,1,12,152.4,,2,Westbound,
32,Nevada,A320,1,12,152.4,,2,Westbound,
32,Nevada,A330,1,12,152.4,,2,Westbound,
32,Nevada,A350,1,12,152.4,,2,Westbound,
32,Nevada,A351,1,12,152.4,,2,Westbound,
32,Nevada,A352,1,12,152.4,,2,Westbound,
32,Nevada,A410,1,12,152.4,,2,Westbound,
32,Nevada,A420,1,12,152.4,,2,Westbound,
32,Nevada,A430,1,12,152.4,,2,Westbound,
32,Nevada,A451,1,12,61.0,,1,Eastbound,
32,Nevada,A452,1,12,61.0,,1,Eastbound,
32,Nevada,A453,1,12,61.0,,1,Eastbound,
32,Nevada,A454,1,12,63.0,,1,Eastbound,
32,Nevada,A455,1,12,62.0,,1,Eastbound,
32,Nevada,A456,1,12,61.0,,1,Eastbound,
32,Nevada,A457,1,12,61.0,,1,Eastbound,
32,Nevada,A458,1,12,63.0,,1,Eastbound,
32,Nevada,A459,1,12,62.0,,1,Eastbound,
32,Nevada,A460,1,12,61.0,,1,Eastbound,
32,Nevada,A461,1,12,62.0,,1,Eastbound,
32,Nevada,A462,1,12,62.0,,1,Eastbound,
32,Nevada,A463,1,12,61.0,,1,Eastbound,
32,Nevada,A464,1,12,61.0,,1,Eastbound,
32,Nevada,B310,1,12,152.4,,1,Eastbound,
32,Nevada,B320,1,12,152.4,,1,Eastbound,
32,Nevada,B330,1,12,152.4,,1,Eastbound,
32,Nevada,B340,1,12,152.4,,1,Eastbound,
32,Nevada,B350,1,12,152.4,,1,Eastbound,
32,Nevada,C310,1,12,152.4,,1,Eastbound,
32,Nevada,C320,1,12,152.4,,1,Eastbound,
32,Nevada,C330,1,12,152.4,,1,Eastbound,
32,Nevada,C350,1,12,152.4,,1,Eastbound,
33,New Hampshire,1001,1,12,152.4,,1,Eastbound,
34,New Jersey,0501,1,12,152.4,,2,Westbound,
34,New Jersey,0502,1,12,152.4,,2,Westbound,
34,New Jersey,0503,1,12,152.4,,2,Westbound,
34,New Jersey,0504,1,12,152.4,,2,Westbound,
34,New Jersey,0505,1,12,152.4,,2,Westbound,
34,New Jersey,0506,1,12,152.4,,2,Westbound,
34,New Jersey,0507,1,12,152.4,,2,Westbound,
34,New Jersey,0508,1,12,152.4,,2,Westbound,
34,New Jersey,0509,1,12,152.4,,2,Westbound,
34,New Jersey,0559,1,12,152.4,,2,Westbound,
34,New Jersey,0560,1,12,152.4,,2,Westbound,
34,New Jersey,0901,1,12,152.4,,1,Eastbound,
34,New Jersey,0902,1,12,152.4,,1,Eastbound,
34,New Jersey,0903,1,12,152.4,,1,Eastbound,
34,New Jersey,0960,1,12,152.4,,1,Eastbound,
34,New Jersey,0961,1,12,152.4,,1,Eastbound,
34,New Jersey,0962,1,12,152.4,,1,Eastbound,
34,New Jersey,1003,1,12,152.4,,3,Northbound,
34,New Jersey,1011,1,12,152.4,,1,Eastbound,
34,New Jersey,1030,1,12,152.4,,4,Southbound,
34,New Jersey,1031,1,12,152.4,,3,Northbound,
34,New Jersey,1033,1,12,152.4,,4,Southbound,
34,New Jersey,1034,1,12,152.4,,4,Southbound,
34,New Jersey,1638,1,12,152.4,,3,Northbound,
34,New Jersey,4042,1,12,152.4,,3,Northbound,
34,New Jersey,6057,1,13,152.4,,4,Southbound,
35,New Mexico,0501,1,12,152.4,,1,Eastbound,
35,New Mexico,0502,1,12,152.4,,1,Eastbound,
35,New Mexico,0503,1,12,152.4,,1,Eastbound,
35,New Mexico,0504,1,12,152.4,,1,Eastbound,
35,New Mexico,0505,1,12,152.4,,1,Eastbound,
35,New Mexico,0506,1,12,152.4,,1,Eastbound,
35,New Mexico,0507,1,12,152.4,,1,Eastbound,
35,New Mexico,0508,1,12,152.4,,1,Eastbound,
35,New Mexico,0509,1,12,152.4,,1,Eastbound,
35,New Mexico,0901,1,12,152.4,,1,Eastbound,
35,New Mexico,0902,1,12,152.4,,1,Eastbound,
35,New Mexico,0903,1,12,152.4,,1,Eastbound,
35,New Mexico,0959,1,12,152.4,,1,Eastbound,
35,New Mexico,1002,1,12,152.4,,1,Eastbound,
35,New Mexico,1003,1,12,152.4,,1,Eastbound,
35,New Mexico,1005,1,12,152.4,,3,Northbound,
35,New Mexico,1022,1,12,152.4,,3,Northbound,
35,New Mexico,1112,1,12,152.4,,1,Eastbound,
35,New Mexico,2006,1,12,152.4,,3,Northbound,
35,New Mexico,2007,1,12,152.4,,3,Northbound,
35,New Mexico,2118,1,13,152.4,,2,Westbound,
35,New Mexico,3010,1,12,152.4,,2,Westbound,
35,New Mexico,6033,1,12,152.4,,3,Northbound,
35,New Mexico,6035,1,12,152.4,,1,Eastbound,
35,New Mexico,6401,1,12,152.4,,1,Eastbound,
36,New York,0801,1,12,152.4,,1,Eastbound,
36,New York,0802,1,12,152.4,,1,Eastbound,
36,New York,0859,1,12,152.4,,1,Eastbound,
36,New York,1008,1,12,152.4,,1,Eastbound,
36,New York,1011,1,12,152.4,,4,Southbound,
36,New York,1643,1,12,152.4,,3,Northbound,
36,New York,1644,1,12,152.4,,2,Westbound,
36,New York,4017,1,12,152.4,,2,Westbound,
36,New York,A310,1,12,152.4,,3,Northbound,
36,New York,A320,1,12,152.4,,3,Northbound,
36,New York,A321,1,12,152.4,,3,Northbound,
36,New York,A330,1,12,152.4,,3,Northbound,
36,New York,A331,1,12,152.4,,3,Northbound,
36,New York,A340,1,12,152.4,,3,Northbound,
36,New York,A350,1,12,152.4,,3,Northbound,
36,New York,B310,1,12,152.4,,2,Westbound,
36,New York,B320,1,12,152.4,,2,Westbound,
36,New York,B330,1,12,152.4,,2,Westbound,
36,New York,B331,1,12,152.4,,2,Westbound,
36,New York,B340,1,12,152.4,,2,Westbound,
36,New York,B350,1,12,152.4,,2,Westbound,
36,New York,B351,1,12,152.4,,2,Westbound,
36,New York,B352,1,12,152.4,,2,Westbound,
36,New York,B353,1,12,152.4,,2,Westbound,
36,New York,B354,1,12,152.4,,2,Westbound,
37,North Carolina,0201,1,12,152.4,,4,Southbound,
37,North Carolina,0202,1,14,152.4,,4,Southbound,
37,North Carolina,0203,1,14,152.4,,4,Southbound,
37,North Carolina,0204,1,12,152.4,,4,Southbound,
37,North Carolina,0205,1,12,152.4,,4,Southbound,
37,North Carolina,0206,1,14,152.4,,4,Southbound,
37,North Carolina,0207,1,14,152.4,,4,Southbound,
37,North Carolina,0208,1,12,152.4,,4,Southbound,
37,North Carolina,0209,1,12,152.4,,4,Southbound,
37,North Carolina,0210,1,14,152.4,,4,Southbound,
37,North Carolina,0211,1,14,152.4,,4,Southbound,
37,North Carolina,0212,1,12,152.4,,4,Southbound,
37,North Carolina,0259,1,12,152.4,,4,Southbound,
37,North Carolina,0260,1,14,152.4,,4,Southbound,
37,North Carolina,0801,1,10,152.4,,3,Northbound,
37,North Carolina,0802,1,10,152.4,,3,Northbound,
37,North Carolina,0859,1,10,152.4,,3,Northbound,
37,North Carolina,0901,1,12,152.4,,3,Northbound,
37,North Carolina,0902,1,12,152.4,,3,Northbound,
37,North Carolina,0903,1,12,152.4,,3,Northbound,
37,North Carolina,1006,1,12,152.4,,1,Eastbound,
37,North Carolina,1024,1,12,152.4,,4,Southbound,
37,North Carolina,1028,1,12,152.4,,3,Northbound,
37,North Carolina,1030,1,12,152.4,,4,Southbound,
37,North Carolina,1040,1,12,152.4,,1,Eastbound,
37,North Carolina,1352,1,12,152.4,,4,Southbound,
37,North Carolina,1645,1,12,152.4,,2,Westbound,
37,North Carolina,1801,1,12,152.4,,2,Westbound,
37,North Carolina,1802,1,12,152.4,,3,Northbound,
37,North Carolina,1803,1,12,152.4,,1,Eastbound,
37,North Carolina,1814,1,12,152.4,,2,Westbound,
37,North Carolina,1817,1,12,152.4,,4,Southbound,
37,North Carolina,1992,1,12,152.4,,4,Southbound,
37,North Carolina,2819,1,12,152.4,,4,Southbound,
37,North Carolina,2824,1,12,152.4,,4,Southbound,
37,North Carolina,2825,1,12,152.4,,2,Westbound,
37,North Carolina,3008,1,14,152.4,,1,Eastbound,
37,North Carolina,3011,1,12,152.4,,3,Northbound,
37,North Carolina,3044,1,12,152.4,,4,Southbound,
37,North Carolina,3807,1,12,152.4,,3,Northbound,
37,North Carolina,3816,1,12,152.4,,3,Northbound,
37,North Carolina,5037,1,12,152.4,,2,Westbound,
37,North Carolina,5826,1,12,152.4,,3,Northbound,
37,North Carolina,5827,1,12,152.4,,4,Southbound,
37,North Carolina,A960,1,12,152.4,,4,Southbound,
37,North Carolina,A961,1,12,152.4,,4,Southbound,
37,North Carolina,A962,1,12,152.4,,4,Southbound,
37,North Carolina,A963,1,12,152.4,,4,Southbound,
37,North Carolina,A964,1,12,152.4,,4,Southbound,
37,North Carolina,A965,1,12,152.4,,4,Southbound,
38,North Dakota,0213,1,14,152.4,,1,Eastbound,
38,North Dakota,0214,1,12,152.4,,1,Eastbound,
38,North Dakota,0215,1,12,152.4,,1,Eastbound,
38,North Dakota,0216,1,14,152.4,,1,Eastbound,
38,North Dakota,0217,1,14,152.4,,1,Eastbound,
38,North Dakota,0218,1,12,152.4,,1,Eastbound,
38,North Dakota,0219,1,12,152.4,,1,Eastbound,
38,North Dakota,0220,1,14,152.4,,1,Eastbound,
38,North Dakota,0221,1,14,152.4,,1,Eastbound,
38,North Dakota,0222,1,12,152.4,,1,Eastbound,
38,North Dakota,0223,1,12,152.4,,1,Eastbound,
38,North Dakota,0224,1,14,152.4,,1,Eastbound,
38,North Dakota,0259,1,12,152.4,,1,Eastbound,
38,North Dakota,0260,1,12,152.4,,1,Eastbound,
38,North Dakota,0261,1,12,152.4,,1,Eastbound,
38,North Dakota,0262,1,14,152.4,,1,Eastbound,
38,North Dakota,0263,1,12,152.4,,1,Eastbound,
38,North Dakota,0264,1,12,152.4,,1,Eastbound,
38,North Dakota,2001,1,12,152.4,,1,Eastbound,
38,North Dakota,3005,1,12,152.4,,1,Eastbound,
38,North Dakota,3006,1,12,152.4,,1,Eastbound,
38,North Dakota,5002,1,12,152.4,,4,Southbound,
39,Ohio,0101,1,12,152.4,,4,Southbound,
39,Ohio,0102,1,12,152.4,,4,Southbound,
39,Ohio,0103,1,12,152.4,,4,Southbound,
39,Ohio,0104,1,12,152.4,,4,Southbound,
39,Ohio,0105,1,12,152.4,,4,Southbound,
39,Ohio,0106,1,12,152.4,,4,Southbound,
39,Ohio,0107,1,12,152.4,,4,Southbound,
39,Ohio,0108,1,12,152.4,,4,Southbound,
39,Ohio,0109,1,12,152.4,,4,Southbound,
39,Ohio,0110,1,12,152.4,,4,Southbound,
39,Ohio,0111,1,12,152.4,,4,Southbound,
39,Ohio,0112,1,12,152.4,,4,Southbound,
39,Ohio,0159,1,12,152.4,,4,Southbound,
39,Ohio,0160,1,12,152.4,,4,Southbound,
39,Ohio,0201,1,12,152.4,,3,Northbound,
39,Ohio,0202,1,14,152.4,,3,Northbound,
39,Ohio,0203,1,14,152.4,,3,Northbound,
39,Ohio,0204,1,12,152.4,,3,Northbound,
39,Ohio,0205,1,12,152.4,,3,Northbound,
39,Ohio,0206,1,14,152.4,,3,Northbound,
39,Ohio,0207,1,14,152.4,,3,Northbound,
39,Ohio,0208,1,12,152.4,,3,Northbound,
39,Ohio,0209,1,12,152.4,,3,Northbound,
39,Ohio,0210,1,14,152.4,,3,Northbound,
39,Ohio,0211,1,14,152.4,,3,Northbound,
39,Ohio,0212,1,12,152.4,,3,Northbound,
39,Ohio,0259,1,12,152.4,,3,Northbound,
39,Ohio,0260,1,12,152.4,,3,Northbound,
39,Ohio,0261,1,14,152.4,,3,Northbound,
39,Ohio,0262,1,12,152.4,,3,Northbound,
39,Ohio,0263,1,14,152.4,,3,Northbound,
39,Ohio,0264,3,12,152.4,,3,Northbound,
39,Ohio,0265,1,12,152.4,,3,Northbound,
39,Ohio,0809,1,11,152.4,,4,Southbound,
39,Ohio,0810,1,11,152.4,,4,Southbound,
39,Ohio,0901,1,12,152.4,,4,Southbound,
39,Ohio,0902,1,12,152.4,,4,Southbound,
39,Ohio,0903,1,12,152.4,,4,Southbound,
39,Ohio,3013,1,12,152.4,,4,Southbound,
39,Ohio,3801,1,12,152.4,,4,Southbound,
39,Ohio,4018,1,12,152.4,,3,Northbound,
39,Ohio,4031,1,12,152.4,,3,Northbound,
39,Ohio,5003,1,12,152.4,,1,Eastbound,
39,Ohio,5010,1,12,152.4,,3,Northbound,
39,Ohio,5569,1,12,152.4,,4,Southbound,
39,Ohio,7021,1,12,152.4,,4,Southbound,
39,Ohio,9006,1,12,152.4,,4,Southbound,
39,Ohio,A410,1,12,152.4,,3,Northbound,
39,Ohio,A411,1,12,152.4,,3,Northbound,
39,Ohio,A412,1,12,152.4,,3,Northbound,
39,Ohio,A430,1,12,152.4,,3,Northbound,
39,Ohio,A803,1,11,152.4,,4,Southbound,
39,Ohio,A804,1,11,152.4,,4,Southbound,
39,Ohio,B410,1,12,152.4,,4,Southbound,
39,Ohio,B411,1,12,152.4,,4,Southbound,
39,Ohio,B412,1,12,152.4,,4,Southbound,
39,Ohio,B430,1,12,152.4,,4,Southbound,
40,Oklahoma,0601,1,12,152.4,,4,Southbound,
40,Oklahoma,0602,1,12,305.0,,4,Southbound,
40,Oklahoma,0603,1,12,152.4,,4,Southbound,
40,Oklahoma,0604,1,12,152.4,,4,Southbound,
40,Oklahoma,0605,1,12,305.0,,4,Southbound,
40,Oklahoma,0606,1,12,152.4,,4,Southbound,
40,Oklahoma,0607,1,12,152.4,,4,Southbound,
40,Oklahoma,0608,1,12,152.4,,4,Southbound,
40,Oklahoma,1015,1,12,152.4,,3,Northbound,
40,Oklahoma,1017,1,12,152.4,,3,Northbound,
40,Oklahoma,3018,1,12,152.4,,2,Westbound,
40,Oklahoma,4086,1,12,152.4,,4,Southbound,
40,Oklahoma,4087,1,12,152.4,,1,Eastbound,
40,Oklahoma,4088,1,12,152.4,,1,Eastbound,
40,Oklahoma,4154,1,12,152.4,,4,Southbound,
40,Oklahoma,4157,1,12,152.4,,3,Northbound,
40,Oklahoma,4158,1,12,152.4,,4,Southbound,
40,Oklahoma,4160,1,12,152.4,,2,Westbound,
40,Oklahoma,4161,1,12,152.4,,2,Westbound,
40,Oklahoma,4162,1,12,152.4,,1,Eastbound,
40,Oklahoma,4163,1,12,152.4,,2,Westbound,
40,Oklahoma,4164,1,12,152.4,,4,Southbound,
40,Oklahoma,4165,1,12,152.4,,2,Westbound,
40,Oklahoma,4166,1,12,152.4,,3,Northbound,
40,Oklahoma,5021,1,12,152.4,,2,Westbound,
40,Oklahoma,A320,1,12,152.4,,1,Eastbound,
40,Oklahoma,A330,1,12,152.4,,1,Eastbound,
40,Oklahoma,A340,1,12,152.4,,1,Eastbound,
40,Oklahoma,A350,1,12,152.4,,1,Eastbound,
40,Oklahoma,A410,1,12,152.4,,2,Westbound,
40,Oklahoma,A420,1,12,152.4,,2,Westbound,
40,Oklahoma,A430,1,12,152.4,,2,Westbound,
40,Oklahoma,B310,1,12,152.4,,3,Northbound,
40,Oklahoma,B320,1,12,152.4,,3,Northbound,
40,Oklahoma,B330,1,12,152.4,,3,Northbound,
40,Oklahoma,B350,1,12,152.4,,3,Northbound,
40,Oklahoma,B360,1,12,152.4,,3,Northbound,
40,Oklahoma,C310,1,12,152.4,,1,Eastbound,
40,Oklahoma,C320,1,12,152.4,,1,Eastbound,
40,Oklahoma,C330,1,12,152.4,,1,Eastbound,
40,Oklahoma,C350,1,12,152.4,,1,Eastbound,
41,Oregon,2002,1,12,152.4,,1,Eastbound,
41,Oregon,5005,1,14,152.4,,4,Southbound,
41,Oregon,5006,1,12,152.4,,1,Eastbound,
41,Oregon,5008,1,12,152.4,,2,Westbound,
41,Oregon,5021,1,14,152.4,,3,Northbound,
41,Oregon,5022,1,13,152.4,,4,Southbound,
41,Oregon,6011,1,12,152.4,,4,Southbound,
41,Oregon,6012,1,12,152.4,,1,Eastbound,
41,Oregon,7018,1,12,152.4,,4,Southbound,
41,Oregon,7019,1,12,152.4,,3,Northbound,
41,Oregon,7081,1,14,152.4,,1,Eastbound,
42,Pennsylvania,0601,1,12,152.4,,2,Westbound,
42,Pennsylvania,0602,1,12,305.0,,2,Westbound,
42,Pennsylvania,0603,1,12,152.4,,2,Westbound,
42,Pennsylvania,0604,1,12,152.4,,2,Westbound,
42,Pennsylvania,0605,1,12,305.0,,2,Westbound,
42,Pennsylvania,0606,1,12,152.4,,2,Westbound,
42,Pennsylvania,0607,1,12,152.4,,2,Westbound,
42,Pennsylvania,0608,1,12,152.4,,2,Westbound,
42,Pennsylvania,0659,1,12,152.4,,2,Westbound,
42,Pennsylvania,0660,1,12,152.4,,2,Westbound,
42,Pennsylvania,0661,1,12,152.4,,2,Westbound,
42,Pennsylvania,0662,1,12,152.4,,2,Westbound,
42,Pennsylvania,1597,1,12,152.4,,1,Eastbound,
42,Pennsylvania,1598,1,12,152.4,,1,Eastbound,
42,Pennsylvania,1599,1,12,152.4,,2,Westbound,
42,Pennsylvania,1605,1,12,152.4,,3,Northbound,
42,Pennsylvania,1606,1,12,152.4,,3,Northbound,
42,Pennsylvania,1608,1,12,152.4,,3,Northbound,
42,Pennsylvania,1610,1,12,152.4,,3,Northbound,
42,Pennsylvania,1613,1,12,152.4,,3,Northbound,
42,Pennsylvania,1614,1,12,152.4,,3,Northbound,
42,Pennsylvania,1617,1,12,152.4,,3,Northbound,
42,Pennsylvania,1618,1,12,152.4,,4,Southbound,
42,Pennsylvania,1623,1,12,152.4,,2,Westbound,
42,Pennsylvania,1627,1,12,152.4,,2,Westbound,
42,Pennsylvania,1690,1,12,152.4,,3,Northbound,
42,Pennsylvania,1691,1,12,152.4,,4,Southbound,
42,Pennsylvania,3044,1,12,152.4,,2,Westbound,
42,Pennsylvania,5020,1,12,152.4,,4,Southbound,
42,Pennsylvania,7025,1,12,152.4,,4,Southbound,
42,Pennsylvania,7037,1,12,152.4,,2,Westbound,
42,Pennsylvania,9027,1,12,152.4,,1,Eastbound,
42,Pennsylvania,A310,1,12,152.4,,3,Northbound,
42,Pennsylvania,A320,1,12,152.4,,3,Northbound,
42,Pennsylvania,A330,1,12,152.4,,3,Northbound,
42,Pennsylvania,A340,1,12,152.4,,3,Northbound,
42,Pennsylvania,A350,1,12,152.4,,3,Northbound,
42,Pennsylvania,A351,1,12,152.4,,3,Northbound,
42,Pennsylvania,A410,1,12,152.4,,3,Northbound,
42,Pennsylvania,A411,1,12,152.4,,3,Northbound,
42,Pennsylvania,A430,1,12,152.4,,3,Northbound,
42,Pennsylvania,B310,1,12,152.4,,1,Eastbound,
42,Pennsylvania,B330,1,12,152.4,,1,Eastbound,
42,Pennsylvania,B340,1,12,152.4,,1,Eastbound,
42,Pennsylvania,B350,1,12,152.4,,1,Eastbound,
42,Pennsylvania,B351,1,12,152.4,,1,Eastbound,
42,Pennsylvania,C410,1,12,152.4,,3,Northbound,
42,Pennsylvania,C411,1,12,152.4,,3,Northbound,
42,Pennsylvania,C430,1,12,152.4,,3,Northbound,
45,South Carolina,1008,1,12,152.4,,4,Southbound,
45,South Carolina,1011,1,12,152.4,,2,Westbound,
45,South Carolina,1024,1,12,152.4,,1,Eastbound,
45,South Carolina,1025,1,12,152.4,,4,Southbound,
45,South Carolina,3012,1,12,152.4,,3,Northbound,
45,South Carolina,5017,1,12,152.4,,3,Northbound,
45,South Carolina,5034,1,12,152.4,,2,Westbound,
45,South Carolina,5035,1,12,152.4,,2,Westbound,
46,South Dakota,0601,1,12,152.4,,2,Westbound,
46,South Dakota,0602,1,12,305.0,,2,Westbound,
46,South Dakota,0603,1,12,152.4,,2,Westbound,
46,South Dakota,0604,1,12,152.4,,2,Westbound,
46,South Dakota,0605,1,12,305.0,,2,Westbound,
46,South Dakota,0606,1,12,152.4,,2,Westbound,
46,South Dakota,0607,1,12,152.4,,2,Westbound,
46,South Dakota,0608,1,12,152.4,,2,Westbound,
46,South Dakota,0660,1,12,152.4,,2,Westbound,
46,South Dakota,0661,1,12,152.4,,2,Westbound,
46,South Dakota,0662,1,12,152.4,,2,Westbound,
46,South Dakota,0803,1,12,152.4,,4,Southbound,
46,South Dakota,0804,1,12,152.4,,4,Southbound,
46,South Dakota,0859,1,12,152.4,,4,Southbound,
46,South Dakota,3009,1,12,152.4,,3,Northbound,
46,South Dakota,3010,1,12,152.4,,4,Southbound,
46,South Dakota,3012,1,12,152.4,,1,Eastbound,
46,South Dakota,3013,1,12,152.4,,1,Eastbound,
46,South Dakota,3052,1,12,152.4,,1,Eastbound,
46,South Dakota,3053,1,12,152.4,,1,Eastbound,
46,South Dakota,5020,1,12,152.4,,2,Westbound,
46,South Dakota,5025,1,12,152.4,,1,Eastbound,
46,South Dakota,5040,1,12,152.4,,1,Eastbound,
46,South Dakota,6600,1,12,152.4,,1,Eastbound,
46,South Dakota,7049,1,12,152.4,,4,Southbound,
46,South Dakota,9106,1,12,152.4,,4,Southbound,
46,South Dakota,9187,1,12,152.4,,4,Southbound,
46,South Dakota,9197,1,12,152.4,,2,Westbound,
46,South Dakota,A410,1,12,152.4,,1,Eastbound,
46,South Dakota,A411,1,12,152.4,,1,Eastbound,
46,South Dakota,A412,1,12,152.4,,1,Eastbound,
46,South Dakota,A420,1,12,152.4,,1,Eastbound,
46,South Dakota,A421,1,12,152.4,,1,Eastbound,
46,South Dakota,A422,1,12,152.4,,1,Eastbound,
46,South Dakota,A423,1,12,152.4,,1,Eastbound,
46,South Dakota,A430,1,12,152.4,,1,Eastbound,
47,Tennessee,1023,1,12,152.4,,3,Northbound,
47,Tennessee,1028,1,12,152.4,,3,Northbound,
47,Tennessee,1029,1,12,152.4,,3,Northbound,
47,Tennessee,2001,1,12,152.4,,3,Northbound,
47,Tennessee,2008,1,12,152.4,,3,Northbound,
47,Tennessee,3075,1,12,152.4,,4,Southbound,
47,Tennessee,3101,1,12,152.4,,1,Eastbound,
47,Tennessee,3104,1,11,152.4,,4,Southbound,
47,Tennessee,3108,1,12,152.4,,3,Northbound,
47,Tennessee,3109,1,12,152.4,,2,Westbound,
47,Tennessee,3110,1,12,152.4,,2,Westbound,
47,Tennessee,6015,1,12,152.4,,4,Southbound,
47,Tennessee,6022,1,12,152.4,,4,Southbound,
47,Tennessee,9024,1,12,152.4,,1,Eastbound,
47,Tennessee,9025,1,12,152.4,,1,Eastbound,
47,Tennessee,A310,1,12,152.4,,1,Eastbound,
47,Tennessee,A320,1,12,152.4,,1,Eastbound,
47,Tennessee,A330,1,12,152.4,,1,Eastbound,
47,Tennessee,A350,1,12,152.4,,1,Eastbound,
47,Tennessee,B310,1,12,152.4,,4,Southbound,
47,Tennessee,B320,1,12,152.4,,4,Southbound,
47,Tennessee,B330,1,12,152.4,,4,Southbound,
47,Tennessee,B350,1,12,152.4,,4,Southbound,
47,Tennessee,C310,1,12,152.4,,3,Northbound,
47,Tennessee,C311,1,12,152.4,,3,Northbound,
47,Tennessee,C320,1,12,152.4,,3,Northbound,
47,Tennessee,C330,1,12,152.4,,3,Northbound,
47,Tennessee,C350,1,12,152.4,,3,Northbound,
48,Texas,0001,1,12,152.4,,4,Southbound,
48,Texas,1039,1,12,152.4,,3,Northbound,
48,Texas,1046,1,12,152.4,,1,Eastbound,
48,Texas,1047,1,12,152.4,,2,Westbound,
48,Texas,1048,1,11,152.4,,4,Southbound,
48,Texas,1049,1,12,152.4,,4,Southbound,
48,Texas,1050,1,12,152.4,,2,Westbound,
48,Texas,1056,1,13,152.4,,4,Southbound,
48,Texas,1060,1,12,152.4,,3,Northbound,
48,Texas,1065,1,13,152.4,,3,Northbound,
48,Texas,1068,1,12,152.4,,3,Northbound,
48,Texas,1069,1,12,152.4,,4,Southbound,
48,Texas,1070,1,12,152.4,,4,Southbound,
48,Texas,1076,1,12,152.4,,3,Northbound,
48,Texas,1077,1,12,152.4,,4,Southbound,
48,Texas,1087,1,12,152.4,,3,Northbound,
48,Texas,1092,1,12,152.4,,2,Westbound,
48,Texas,1093,1,12,152.4,,3,Northbound,
48,Texas,1094,1,12,152.4,,3,Northbound,
48,Texas,1096,1,12,152.4,,2,Westbound,
48,Texas,1111,1,12,152.4,,1,Eastbound,
48,Texas,1113,1,12,152.4,,3,Northbound,
48,Texas,1116,1,12,152.4,,3,Northbound,
48,Texas,1119,1,13,152.4,,1,Eastbound,
48,Texas,1122,1,12,152.4,,3,Northbound,
48,Texas,1123,1,12,152.4,,1,Eastbound,
48,Texas,1130,1,12,152.4,,3,Northbound,
48,Texas,1168,1,12,152.4,,4,Southbound,
48,Texas,1169,1,12,152.4,,3,Northbound,
48,Texas,1174,1,12,152.4,,1,Eastbound,
48,Texas,1178,1,12,152.4,,3,Northbound,
48,Texas,1181,1,12,152.4,,3,Northbound,
48,Texas,1183,1,12,152.4,,2,Westbound,
48,Texas,2108,1,12,152.4,,3,Northbound,
48,Texas,2133,1,12,152.4,,4,Southbound,
48,Texas,2172,1,12,152.4,,2,Westbound,
48,Texas,2176,1,12,152.4,,4,Southbound,
48,Texas,3003,1,12,152.4,,2,Westbound,
48,Texas,3010,1,12,152.4,,4,Southbound,
48,Texas,3559,1,13,152.4,,1,Eastbound,
48,Texas,3569,1,12,152.4,,2,Westbound,
48,Texas,3579,1,12,152.4,,3,Northbound,
48,Texas,3589,1,12,152.4,,4,Southbound,
48,Texas,3609,1,12,152.4,,1,Eastbound,
48,Texas,3629,1,12,152.4,,1,Eastbound,
48,Texas,3669,1,12,152.4,,1,Eastbound,
48,Texas,3679,1,13,152.4,,1,Eastbound,
48,Texas,3689,1,12,152.4,,1,Eastbound,
48,Texas,3699,1,12,152.4,,3,Northbound,
48,Texas,3719,1,12,152.4,,4,Southbound,
48,Texas,3729,1,12,152.4,,4,Southbound,
48,Texas,3739,1,12,152.4,,3,Northbound,
48,Texas,3749,1,12,152.4,,3,Northbound,
48,Texas,3769,1,12,152.4,,1,Eastbound,
48,Texas,3779,1,12,152.4,,4,Southbound,
48,Texas,3835,1,12,152.4,,3,Northbound,
48,Texas,3855,1,12,152.4,,2,Westbound,
48,Texas,3865,1,13,152.4,,3,Northbound,
48,Texas,3875,1,12,152.4,,3,Northbound,
48,Texas,4142,1,12,152.4,,3,Northbound,
48,Texas,4143,1,12,152.4,,1,Eastbound,
48,Texas,4146,1,12,152.4,,1,Eastbound,
48,Texas,4152,1,12,152.4,,4,Southbound,
48,Texas,5024,1,12,152.4,,4,Southbound,
48,Texas,5026,1,12,152.4,,3,Northbound,
48,Texas,5035,1,12,152.4,,1,Eastbound,
48,Texas,5154,1,12,152.4,,2,Westbound,
48,Texas,5274,1,12,152.4,,1,Eastbound,
48,Texas,5278,1,12,152.4,,2,Westbound,
48,Texas,5283,1,12,152.4,,3,Northbound,
48,Texas,5284,1,12,152.4,,3,Northbound,
48,Texas,5287,1,12,152.4,,2,Westbound,
48,Texas,5301,1,12,152.4,,3,Northbound,
48,Texas,5310,1,12,152.4,,1,Eastbound,
48,Texas,5317,1,12,152.4,,3,Northbound,
48,Texas,5323,1,12,152.4,,1,Eastbound,
48,Texas,5328,1,12,152.4,,4,Southbound,
48,Texas,5334,1,12,152.4,,1,Eastbound,
48,Texas,5335,1,12,152.4,,1,Eastbound,
48,Texas,5336,1,12,152.4,,4,Southbound,
48,Texas,6079,1,12,152.4,,2,Westbound,
48,Texas,6086,1,12,152.4,,3,Northbound,
48,Texas,6160,1,13,152.4,,1,Eastbound,
48,Texas,6179,1,12,152.4,,2,Westbound,
48,Texas,7165,1,12,152.4,,2,Westbound,
48,Texas,9005,1,12,152.4,,4,Southbound,
48,Texas,9167,1,12,152.4,,3,Northbound,
48,Texas,9355,1,12,152.4,,4,Southbound,
48,Texas,A310,1,12,152.4,,3,Northbound,
48,Texas,A320,1,12,152.4,,3,Northbound,
48,Texas,A330,1,12,152.4,,3,Northbound,
48,Texas,A340,1,12,152.4,,3,Northbound,
48,Texas,A410,1,12,152.4,,2,Westbound,
48,Texas,A420,1,12,152.4,,2,Westbound,
48,Texas,A430,1,12,152.4,,2,Westbound,
48,Texas,A502,1,12,152.4,,4,Southbound,
48,Texas,A503,1,12,152.4,,4,Southbound,
48,Texas,A504,1,12,152.4,,4,Southbound,
48,Texas,A505,1,12,152.4,,4,Southbound,
48,Texas,A506,1,12,152.4,,4,Southbound,
48,Texas,A507,1,12,152.4,,4,Southbound,
48,Texas,A508,1,12,152.4,,4,Southbound,
48,Texas,A509,1,12,152.4,,4,Southbound,
48,Texas,B310,1,12,152.4,,4,Southbound,
48,Texas,B320,1,12,152.4,,4,Southbound,
48,Texas,B330,1,12,152.4,,4,Southbound,
48,Texas,B340,1,12,152.4,,4,Southbound,
48,Texas,B350,1,12,152.4,,4,Southbound,
48,Texas,B410,1,12,152.4,,1,Eastbound,
48,Texas,B420,1,12,152.4,,1,Eastbound,
48,Texas,B430,1,12,152.4,,1,Eastbound,
48,Texas,C410,1,12,152.4,,4,Southbound,
48,Texas,C420,1,12,152.4,,4,Southbound,
48,Texas,C430,1,12,152.4,,4,Southbound,
48,Texas,D310,1,12,152.4,,2,Westbound,
48,Texas,D320,1,12,152.4,,2,Westbound,
48,Texas,D330,1,12,152.4,,2,Westbound,
48,Texas,D350,1,12,152.4,,2,Westbound,
48,Texas,D410,1,12,152.4,,4,Southbound,
48,Texas,D420,1,12,152.4,,4,Southbound,
48,Texas,D430,1,12,152.4,,4,Southbound,
48,Texas,E310,1,12,152.4,,2,Westbound,
48,Texas,E320,1,12,152.4,,2,Westbound,
48,Texas,E330,1,12,152.4,,2,Westbound,
48,Texas,E340,1,12,152.4,,2,Westbound,
48,Texas,E350,1,12,152.4,,2,Westbound,
48,Texas,E351,1,12,152.4,,2,Westbound,
48,Texas,E352,1,12,152.4,,2,Westbound,
48,Texas,E410,1,12,152.4,,3,Northbound,
48,Texas,E420,1,12,152.4,,3,Northbound,
48,Texas,E430,1,12,152.4,,3,Northbound,
48,Texas,F310,1,12,152.4,,3,Northbound,
48,Texas,F320,1,12,152.4,,3,Northbound,
48,Texas,F330,1,12,152.4,,3,Northbound,
48,Texas,F340,1,12,152.4,,3,Northbound,
48,Texas,F350,1,12,152.4,,3,Northbound,
48,Texas,G310,1,12,152.4,,3,Northbound,
48,Texas,G320,1,12,152.4,,3,Northbound,
48,Texas,G330,1,12,152.4,,3,Northbound,
48,Texas,G350,1,12,152.4,,3,Northbound,
48,Texas,H310,1,12,152.4,,2,Westbound,
48,Texas,H320,1,12,152.4,,2,Westbound,
48,Texas,H330,1,12,152.4,,2,Westbound,
48,Texas,H340,1,12,152.4,,2,Westbound,
48,Texas,H350,1,12,152.4,,2,Westbound,
48,Texas,H351,1,12,152.4,,2,Westbound,
48,Texas,I310,1,13,152.4,,1,Eastbound,
48,Texas,I320,1,13,152.4,,1,Eastbound,
48,Texas,I330,1,13,152.4,,1,Eastbound,
48,Texas,I340,1,13,152.4,,1,Eastbound,
48,Texas,I350,1,13,152.4,,1,Eastbound,
48,Texas,J310,1,12,152.4,,3,Northbound,
48,Texas,J320,1,12,152.4,,3,Northbound,
48,Texas,J330,1,12,152.4,,3,Northbound,
48,Texas,J340,1,12,152.4,,3,Northbound,
48,Texas,J350,1,12,152.4,,3,Northbound,
48,Texas,J351,1,12,152.4,,3,Northbound,
48,Texas,K310,1,12,152.4,,4,Southbound,
48,Texas,K320,1,12,152.4,,4,Southbound,
48,Texas,K330,1,12,152.4,,4,Southbound,
48,Texas,K340,1,12,152.4,,4,Southbound,
48,Texas,K350,1,12,152.4,,4,Southbound,
48,Texas,K351,1,12,152.4,,4,Southbound,
48,Texas,L310,1,12,152.4,,1,Eastbound,
48,Texas,L320,1,12,152.4,,1,Eastbound,
48,Texas,L330,1,12,152.4,,1,Eastbound,
48,Texas,L340,1,12,152.4,,1,Eastbound,
48,Texas,L350,1,12,152.4,,1,Eastbound,
48,Texas,M310,1,12,152.4,,3,Northbound,
48,Texas,M320,1,12,152.4,,3,Northbound,
48,Texas,M330,1,12,152.4,,3,Northbound,
48,Texas,M340,1,12,152.4,,3,Northbound,
48,Texas,M350,1,12,152.4,,3,Northbound,
48,Texas,N310,1,12,152.4,,3,Northbound,
48,Texas,N320,1,12,152.4,,3,Northbound,
48,Texas,N330,1,12,152.4,,3,Northbound,
48,Texas,N340,1,12,152.4,,3,Northbound,
48,Texas,N350,1,12,152.4,,3,Northbound,
48,Texas,Q310,1,13,152.4,,3,Northbound,
48,Texas,Q320,1,13,152.4,,3,Northbound,
48,Texas,Q330,1,13,152.4,,3,Northbound,
48,Texas,Q340,1,13,152.4,,3,Northbound,
48,Texas,Q350,1,13,152.4,,3,Northbound,
48,Texas,Q353,1,13,152.4,,3,Northbound,
49,Utah,0803,1,11,152.4,,1,Eastbound,
49,Utah,0804,1,11,152.4,,1,Eastbound,
49,Utah,1001,1,12,152.4,,3,Northbound,
49,Utah,1004,1,12,152.4,,3,Northbound,
49,Utah,1005,1,12,152.4,,4,Southbound,
49,Utah,1006,1,12,152.4,,3,Northbound,
49,Utah,1007,1,12,152.4,,2,Westbound,
49,Utah,1008,1,12,152.4,,3,Northbound,
49,Utah,1017,1,12,152.4,,3,Northbound,
49,Utah,3010,1,12,152.4,,3,Northbound,
49,Utah,3011,1,12,152.4,,3,Northbound,
49,Utah,3015,1,12,152.4,,4,Southbound,
49,Utah,7082,1,12,152.4,,3,Northbound,
49,Utah,7083,1,12,152.4,,1,Eastbound,
49,Utah,7085,1,12,152.4,,1,Eastbound,
49,Utah,7086,1,12,152.4,,4,Southbound,
49,Utah,A310,1,12,152.4,,3,Northbound,
49,Utah,A320,1,12,152.4,,3,Northbound,
49,Utah,A330,1,12,152.4,,3,Northbound,
49,Utah,A332,1,12,152.4,,3,Northbound,
49,Utah,A350,1,12,152.4,,3,Northbound,
49,Utah,A351,1,12,152.4,,3,Northbound,
49,Utah,A352,1,12,152.4,,3,Northbound,
49,Utah,A361,1,12,152.4,,3,Northbound,
49,Utah,A390,1,12,152.4,,3,Northbound,
49,Utah,B310,1,12,152.4,,3,Northbound,
49,Utah,B320,1,12,152.4,,3,Northbound,
49,Utah,B330,1,12,152.4,,3,Northbound,
49,Utah,B331,1,12,152.4,,3,Northbound,
49,Utah,B350,1,12,152.4,,3,Northbound,
49,Utah,B351,1,12,152.4,,3,Northbound,
49,Utah,B352,1,12,152.4,,3,Northbound,
49,Utah,B361,1,12,152.4,,3,Northbound,
49,Utah,B390,1,12,152.4,,3,Northbound,
49,Utah,C310,1,12,152.4,,3,Northbound,
49,Utah,C320,1,12,152.4,,3,Northbound,
49,Utah,C330,1,12,152.4,,3,Northbound,
49,Utah,C331,1,12,152.4,,3,Northbound,
49,Utah,C350,1,12,152.4,,3,Northbound,
49,Utah,C351,1,12,152.4,,3,Northbound,
49,Utah,C352,1,12,152.4,,3,Northbound,
49,Utah,C361,1,12,152.4,,3,Northbound,
49,Utah,C410,1,12,152.4,,3,Northbound,
49,Utah,C430,1,12,183.0,,3,Northbound,
49,Utah,C431,1,12,183.0,,4,Southbound,
49,Utah,C440,1,12,122.0,,3,Northbound,
49,Utah,C441,1,12,122.0,,3,Northbound,
49,Utah,C443,1,12,122.0,,3,Northbound,
49,Utah,C444,1,12,122.0,,3,Northbound,
49,Utah,C445,1,12,122.0,,3,Northbound,
49,Utah,C446,1,12,122.0,,3,Northbound,
49,Utah,C447,1,12,122.0,,3,Northbound,
49,Utah,C448,1,12,122.0,,4,Southbound,
49,Utah,C449,1,12,122.0,,4,Southbound,
49,Utah,C450,1,12,122.0,,4,Southbound,
49,Utah,C451,1,12,122.0,,4,Southbound,
49,Utah,C452,1,12,122.0,,4,Southbound,
49,Utah,C453,1,12,122.0,,4,Southbound,
49,Utah,C454,1,12,122.0,,4,Southbound,
49,Utah,C455,1,12,122.0,,4,Southbound,
49,Utah,C456,1,12,155.0,,4,Southbound,
49,Utah,C457,1,12,161.0,,4,Southbound,
49,Utah,C458,1,12,123.0,,4,Southbound,
49,Utah,D410,1,12,148.0,,4,Southbound,
49,Utah,D430,1,12,183.0,,4,Southbound,
49,Utah,D431,1,12,183.0,,3,Northbound,
49,Utah,D440,1,12,122.0,,4,Southbound,
49,Utah,D441,1,12,121.0,,4,Southbound,
49,Utah,D443,1,12,122.0,,4,Southbound,
49,Utah,D444,1,12,118.0,,4,Southbound,
49,Utah,D445,1,12,122.0,,4,Southbound,
49,Utah,D446,1,12,122.0,,4,Southbound,
49,Utah,D448,1,12,121.0,,3,Northbound,
49,Utah,D449,1,12,122.0,,3,Northbound,
49,Utah,D450,1,12,122.0,,3,Northbound,
49,Utah,D451,1,12,122.0,,3,Northbound,
49,Utah,D452,1,12,122.0,,3,Northbound,
49,Utah,D454,1,12,122.0,,3,Northbound,
49,Utah,D455,1,12,152.4,,3,Northbound,
49,Utah,D459,1,12,122.0,,3,Northbound,
49,Utah,D460,1,12,122.0,,3,Northbound,
49,Utah,D461,1,12,122.0,,4,Southbound,
49,Utah,D462,1,12,122.0,,3,Northbound,
49,Utah,E410,1,12,152.4,,1,Eastbound,
49,Utah,E430,1,12,152.4,,1,Eastbound,
49,Utah,E431,1,12,152.4,,2,Westbound,
49,Utah,E440,1,12,152.4,,1,Eastbound,
49,Utah,E441,1,12,152.4,,1,Eastbound,
49,Utah,E443,1,12,151.0,,1,Eastbound,
49,Utah,E444,1,12,152.4,,1,Eastbound,
49,Utah,E445,1,12,152.4,,1,Eastbound,
49,Utah,E446,1,12,152.4,,1,Eastbound,
49,Utah,E448,1,12,151.0,,2,Westbound,
49,Utah,E449,1,12,152.4,,2,Westbound,
49,Utah,E450,1,12,152.4,,2,Westbound,
49,Utah,E451,1,12,152.4,,2,Westbound,
49,Utah,E452,1,12,130.0,,2,Westbound,
49,Utah,E454,1,12,152.4,,2,Westbound,
49,Utah,E455,1,12,152.4,,2,Westbound,
49,Utah,E456,1,12,152.4,,1,Eastbound,
49,Utah,E458,1,12,152.4,,1,Eastbound,
49,Utah,E459,1,12,150.0,,2,Westbound,
49,Utah,E460,1,12,152.4,,2,Westbound,
49,Utah,E461,1,12,148.0,,1,Eastbound,
49,Utah,E462,1,12,152.4,,2,Westbound,
50,Vermont,1002,1,12,152.4,,3,Northbound,
50,Vermont,1004,1,12,152.4,,1,Eastbound,
50,Vermont,1681,1,12,152.4,,3,Northbound,
50,Vermont,1682,1,12,152.4,,4,Southbound,
50,Vermont,1683,1,12,152.4,,4,Southbound,
51,Virginia,0113,1,12,152.4,,4,Southbound,
51,Virginia,0114,1,12,152.4,,4,Southbound,
51,Virginia,0115,1,12,152.4,,4,Southbound,
51,Virginia,0116,1,12,152.4,,4,Southbound,
51,Virginia,0117,1,12,152.4,,4,Southbound,
51,Virginia,0118,1,12,152.4,,4,Southbound,
51,Virginia,0119,1,12,152.4,,4,Southbound,
51,Virginia,0120,1,12,152.4,,4,Southbound,
51,Virginia,0121,1,12,152.4,,4,Southbound,
51,Virginia,0122,1,12,152.4,,4,Southbound,
51,Virginia,0123,1,12,152.4,,4,Southbound,
51,Virginia,0124,1,12,152.4,,4,Southbound,
51,Virginia,0159,1,12,152.4,,4,Southbound,
51,Virginia,1002,1,12,152.4,,4,Southbound,
51,Virginia,1023,1,12,152.4,,3,Northbound,
51,Virginia,1417,1,12,152.4,,3,Northbound,
51,Virginia,1419,1,12,152.4,,4,Southbound,
51,Virginia,1423,1,12,152.4,,3,Northbound,
51,Virginia,1464,1,12,152.4,,2,Westbound,
51,Virginia,2004,1,12,152.4,,4,Southbound,
51,Virginia,2021,1,12,152.4,,2,Westbound,
51,Virginia,2564,1,12,152.4,,2,Westbound,
51,Virginia,5008,1,13,152.4,,3,Northbound,
51,Virginia,5009,1,12,152.4,,2,Westbound,
51,Virginia,5010,1,12,152.4,,3,Northbound,
51,Virginia,A310,1,12,152.4,,3,Northbound,
51,Virginia,A320,1,12,152.4,,3,Northbound,
51,Virginia,A321,1,12,152.4,,3,Northbound,
51,Virginia,A330,1,12,152.4,,3,Northbound,
51,Virginia,A340,1,12,152.4,,3,Northbound,
51,Virginia,A350,1,12,152.4,,3,Northbound,
53,Washington,0201,1,12,152.4,,3,Northbound,
53,Washington,0202,1,14,152.4,,3,Northbound,
53,Washington,0203,1,14,152.4,,3,Northbound,
53,Washington,0204,1,12,152.4,,3,Northbound,
53,Washington,0205,1,12,152.4,,3,Northbound,
53,Washington,0206,1,14,152.4,,3,Northbound,
53,Washington,0207,1,14,152.4,,3,Northbound,
53,Washington,0208,1,12,152.4,,3,Northbound,
53,Washington,0209,1,12,152.4,,3,Northbound,
53,Washington,0210,1,14,152.4,,3,Northbound,
53,Washington,0211,1,14,152.4,,3,Northbound,
53,Washington,0212,1,12,152.4,,3,Northbound,
53,Washington,0259,1,14,152.4,,3,Northbound,
53,Washington,0801,1,12,152.4,,3,Northbound,
53,Washington,0802,1,12,152.4,,3,Northbound,
53,Washington,1002,1,12,152.4,,1,Eastbound,
53,Washington,1005,1,12,152.4,,1,Eastbound,
53,Washington,1006,1,12,152.4,,4,Southbound,
53,Washington,1007,1,12,152.4,,3,Northbound,
53,Washington,1008,1,12,152.4,,3,Northbound,
53,Washington,1501,1,12,152.4,,2,Westbound,
53,Washington,1801,1,12,152.4,,1,Eastbound,
53,Washington,3011,1,12,152.4,,4,Southbound,
53,Washington,3013,1,12,152.4,,3,Northbound,
53,Washington,3014,1,12,152.4,,3,Northbound,
53,Washington,3019,1,12,152.4,,1,Eastbound,
53,Washington,3812,1,12,152.4,,3,Northbound,
53,Washington,3813,1,12,152.4,,2,Westbound,
53,Washington,6020,1,12,152.4,,1,Eastbound,
53,Washington,6048,1,12,152.4,,1,Eastbound,
53,Washington,6049,1,12,152.4,,4,Southbound,
53,Washington,6056,1,12,152.4,,4,Southbound,
53,Washington,7322,1,12,152.4,,3,Northbound,
53,Washington,7409,1,12,152.4,,1,Eastbound,
53,Washington,A310,1,12,152.4,,3,Northbound,
53,Washington,A320,1,12,152.4,,3,Northbound,
53,Washington,A330,1,12,152.4,,3,Northbound,
53,Washington,A350,1,12,152.4,,3,Northbound,
53,Washington,A809,1,12,152.4,,1,Eastbound,
53,Washington,A810,1,12,152.4,,1,Eastbound,
53,Washington,B310,1,12,152.4,,2,Westbound,
53,Washington,B320,1,12,152.4,,2,Westbound,
53,Washington,B330,1,12,152.4,,2,Westbound,
53,Washington,B350,1,12,152.4,,2,Westbound,
53,Washington,C310,1,12,152.4,,1,Eastbound,
53,Washington,C320,1,12,152.4,,1,Eastbound,
53,Washington,C330,1,12,152.4,,1,Eastbound,
53,Washington,C350,1,12,152.4,,1,Eastbound,
54,West Virginia,1640,1,12,152.4,,3,Northbound,
54,West Virginia,4003,1,12,152.4,,3,Northbound,
54,West Virginia,4004,1,12,152.4,,3,Northbound,
54,West Virginia,5007,1,12,152.4,,2,Westbound,
54,West Virginia,7008,1,12,152.4,,2,Westbound,
55,Wisconsin,0113,1,12,152.4,,2,Westbound,
55,Wisconsin,0114,1,12,152.4,,2,Westbound,
55,Wisconsin,0115,1,12,152.4,,2,Westbound,
55,Wisconsin,0116,1,12,152.4,,2,Westbound,
55,Wisconsin,0117,1,12,152.4,,2,Westbound,
55,Wisconsin,0118,1,12,152.4,,2,Westbound,
55,Wisconsin,0119,1,12,152.4,,2,Westbound,
55,Wisconsin,0120,1,12,152.4,,2,Westbound,
55,Wisconsin,0121,1,12,152.4,,2,Westbound,
55,Wisconsin,0122,1,12,152.4,,2,Westbound,
55,Wisconsin,0123,1,12,152.4,,2,Westbound,
55,Wisconsin,0124,1,12,152.4,,2,Westbound,
55,Wisconsin,0213,1,14,152.4,,2,Westbound,
55,Wisconsin,0214,1,12,152.4,,2,Westbound,
55,Wisconsin,0215,1,12,152.4,,2,Westbound,
55,Wisconsin,0216,1,14,152.4,,2,Westbound,
55,Wisconsin,0217,1,14,152.4,,2,Westbound,
55,Wisconsin,0218,1,12,152.4,,2,Westbound,
55,Wisconsin,0219,1,12,152.4,,2,Westbound,
55,Wisconsin,0220,1,14,152.4,,2,Westbound,
55,Wisconsin,0221,1,14,152.4,,2,Westbound,
55,Wisconsin,0222,1,12,152.4,,2,Westbound,
55,Wisconsin,0223,1,12,152.4,,2,Westbound,
55,Wisconsin,0224,1,14,152.4,,2,Westbound,
55,Wisconsin,0259,1,12,152.4,,2,Westbound,
55,Wisconsin,0260,1,12,152.4,,2,Westbound,
55,Wisconsin,0261,1,12,152.4,,2,Westbound,
55,Wisconsin,0262,1,12,152.4,,2,Westbound,
55,Wisconsin,0263,1,12,152.4,,2,Westbound,
55,Wisconsin,0264,1,12,152.4,,1,Eastbound,
55,Wisconsin,0265,1,12,152.4,,1,Eastbound,
55,Wisconsin,0266,1,12,152.4,,1,Eastbound,
55,Wisconsin,0805,1,12,152.4,,1,Eastbound,
55,Wisconsin,0806,1,12,152.4,,1,Eastbound,
55,Wisconsin,0901,1,12,152.4,,1,Eastbound,
55,Wisconsin,0902,1,12,152.4,,1,Eastbound,
55,Wisconsin,0903,1,12,152.4,,1,Eastbound,
55,Wisconsin,0907,1,12,152.4,,1,Eastbound,
55,Wisconsin,0908,1,12,152.4,,1,Eastbound,
55,Wisconsin,0909,1,12,152.4,,1,Eastbound,
55,Wisconsin,3008,1,12,152.4,,3,Northbound,
55,Wisconsin,3009,1,12,152.4,,1,Eastbound,
55,Wisconsin,3010,1,12,152.4,,2,Westbound,
55,Wisconsin,3012,1,12,152.4,,2,Westbound,
55,Wisconsin,3014,1,12,152.4,,3,Northbound,
55,Wisconsin,3015,1,12,152.4,,4,Southbound,
55,Wisconsin,3016,1,12,152.4,,3,Northbound,
55,Wisconsin,3019,1,12,152.4,,3,Northbound,
55,Wisconsin,5037,1,12,152.4,,4,Southbound,
55,Wisconsin,5040,1,12,152.4,,3,Northbound,
55,Wisconsin,6351,1,14,152.4,,1,Eastbound,
55,Wisconsin,6352,1,14,152.4,,1,Eastbound,
55,Wisconsin,6353,1,14,152.4,,1,Eastbound,
55,Wisconsin,6354,1,14,152.4,,1,Eastbound,
55,Wisconsin,6355,1,14,152.4,,1,Eastbound,
55,Wisconsin,A901,1,12,152.4,,3,Northbound,
55,Wisconsin,A902,1,12,152.4,,3,Northbound,
55,Wisconsin,A903,1,12,152.4,,3,Northbound,
55,Wisconsin,A907,1,12,152.4,,3,Northbound,
55,Wisconsin,A908,1,12,152.4,,3,Northbound,
55,Wisconsin,A909,1,12,152.4,,3,Northbound,
55,Wisconsin,B901,1,12,152.4,,4,Southbound,
55,Wisconsin,B902,1,12,152.4,,4,Southbound,
55,Wisconsin,B903,1,12,152.4,,4,Southbound,
55,Wisconsin,B907,1,12,152.4,,4,Southbound,
55,Wisconsin,B908,1,12,152.4,,4,Southbound,
55,Wisconsin,B909,1,12,152.4,,4,Southbound,
55,Wisconsin,C901,1,12,152.4,,2,Westbound,
55,Wisconsin,C902,1,12,152.4,,2,Westbound,
55,Wisconsin,C903,1,12,152.4,,2,Westbound,
55,Wisconsin,C959,1,12,152.4,,2,Westbound,
55,Wisconsin,C960,1,12,152.4,,2,Westbound,
56,Wyoming,1007,1,12,152.4,,1,Eastbound,
56,Wyoming,2015,1,12,152.4,,3,Northbound,
56,Wyoming,2017,1,12,152.4,,1,Eastbound,
56,Wyoming,2018,1,12,152.4,,2,Westbound,
56,Wyoming,2019,1,12,152.4,,4,Southbound,
56,Wyoming,2020,1,12,152.4,,3,Northbound,
56,Wyoming,2037,1,12,152.4,,4,Southbound,
56,Wyoming,3027,1,12,152.4,,1,Eastbound,
56,Wyoming,6029,1,12,152.4,,4,Southbound,
56,Wyoming,7772,1,12,152.4,,3,Northbound,
56,Wyoming,7773,1,12,152.4,,4,Southbound,
56,Wyoming,7775,1,12,152.4,,1,Eastbound,
56,Wyoming,A310,1,12,152.4,,1,Eastbound,
56,Wyoming,A320,1,12,152.4,,1,Eastbound,
56,Wyoming,A330,1,12,152.4,,1,Eastbound,
56,Wyoming,A350,1,12,152.4,,1,Eastbound,
56,Wyoming,A363,1,12,152.4,,1,Eastbound,
56,Wyoming,B310,1,12,152.4,,1,Eastbound,
56,Wyoming,B320,1,12,152.4,,1,Eastbound,
56,Wyoming,B330,1,12,152.4,,1,Eastbound,
56,Wyoming,B350,1,12,152.4,,1,Eastbound,
56,Wyoming,B360,1,12,152.4,,1,Eastbound,
72,Puerto Rico,1003,1,12,152.4,,1,Eastbound,
72,Puerto Rico,3008,1,12,152.4,,4,Southbound,
72,Puerto Rico,4121,1,12,152.4,,1,Eastbound,
72,Puerto Rico,4122,1,12,152.4,,1,Eastbound,
81,Alberta,0501,1,12,152.4,,2,Westbound,
81,Alberta,0502,1,12,152.4,,2,Westbound,
81,Alberta,0503,1,12,152.4,,2,Westbound,
81,Alberta,0504,1,12,152.4,,2,Westbound,
81,Alberta,0505,1,12,152.4,,2,Westbound,
81,Alberta,0506,1,12,152.4,,2,Westbound,
81,Alberta,0507,1,12,152.4,,2,Westbound,
81,Alberta,0508,1,12,152.4,,2,Westbound,
81,Alberta,0509,1,12,152.4,,2,Westbound,
81,Alberta,1803,1,12,152.4,,1,Eastbound,
81,Alberta,1804,1,13,152.4,,1,Eastbound,
81,Alberta,1805,1,12,152.4,,1,Eastbound,
81,Alberta,2812,1,11,152.4,,4,Southbound,
81,Alberta,8529,1,13,152.4,,1,Eastbound,
81,Alberta,A901,1,12,152.4,,1,Eastbound,
81,Alberta,A902,1,12,152.4,,1,Eastbound,
81,Alberta,A903,1,12,152.4,,1,Eastbound,
82,British Columbia,1005,1,12,152.4,,2,Westbound,
82,British Columbia,6006,1,12,152.4,,2,Westbound,
82,British Columbia,6007,1,12,152.4,,1,Eastbound,
82,British Columbia,9017,1,12,152.4,,4,Southbound,
83,Manitoba,0501,1,12,152.4,,2,Westbound,
83,Manitoba,0502,1,12,152.4,,2,Westbound,
83,Manitoba,0503,1,12,152.4,,2,Westbound,
83,Manitoba,0504,1,12,152.4,,2,Westbound,
83,Manitoba,0505,1,12,152.4,,2,Westbound,
83,Manitoba,0506,1,12,152.4,,2,Westbound,
83,Manitoba,0507,1,12,152.4,,2,Westbound,
83,Manitoba,0508,1,12,152.4,,2,Westbound,
83,Manitoba,0509,1,12,152.4,,2,Westbound,
83,Manitoba,1801,1,12,152.4,,2,Westbound,
83,Manitoba,3802,1,12,152.4,,3,Northbound,
83,Manitoba,6450,1,12,152.4,,2,Westbound,
83,Manitoba,6451,1,12,152.4,,2,Westbound,
83,Manitoba,6452,1,12,152.4,,2,Westbound,
83,Manitoba,6454,1,12,152.4,,2,Westbound,
83,Manitoba,A310,1,12,152.4,,2,Westbound,
83,Manitoba,A320,1,12,152.4,,2,Westbound,
83,Manitoba,A330,1,12,152.4,,2,Westbound,
83,Manitoba,A331,1,12,152.4,,2,Westbound,
83,Manitoba,A340,1,12,152.4,,2,Westbound,
83,Manitoba,A350,1,12,152.4,,2,Westbound,
83,Manitoba,A351,1,12,152.4,,2,Westbound,
84,New Brunswick,1684,1,12,152.4,,3,Northbound,
84,New Brunswick,1802,1,12,152.4,,3,Northbound,
84,New Brunswick,3803,1,12,152.4,,3,Northbound,
84,New Brunswick,6804,1,12,152.4,,1,Eastbound,
85,Newfoundland,1801,1,12,152.4,,2,Westbound,
85,Newfoundland,1803,1,12,152.4,,1,Eastbound,
85,Newfoundland,1808,1,12,152.4,,1,Eastbound,
86,Nova Scotia,6802,1,12,152.4,,4,Southbound,
87,Ontario,0901,1,12,152.4,,2,Westbound,
87,Ontario,0902,1,12,152.4,,2,Westbound,
87,Ontario,0903,1,12,152.4,,2,Westbound,
87,Ontario,0960,1,12,152.4,,2,Westbound,
87,Ontario,0961,1,12,152.4,,2,Westbound,
87,Ontario,0962,1,12,152.4,,2,Westbound,
87,Ontario,1620,1,12,152.4,,4,Southbound,
87,Ontario,1622,1,12,152.4,,3,Northbound,
87,Ontario,1680,1,12,152.4,,4,Southbound,
87,Ontario,1806,1,12,152.4,,4,Southbound,
87,Ontario,2811,1,12,152.4,,1,Eastbound,
87,Ontario,2812,1,12,152.4,,2,Westbound,
87,Ontario,A310,1,12,152.4,,4,Southbound,
87,Ontario,A311,1,12,152.4,,4,Southbound,
87,Ontario,A320,1,12,152.4,,4,Southbound,
87,Ontario,A330,1,12,152.4,,4,Southbound,
87,Ontario,A340,1,12,152.4,,4,Southbound,
87,Ontario,A350,1,12,152.4,,4,Southbound,
87,Ontario,B310,1,12,152.4,,3,Northbound,
87,Ontario,B311,1,12,152.4,,3,Northbound,
87,Ontario,B320,1,12,152.4,,3,Northbound,
87,Ontario,B330,1,12,152.4,,3,Northbound,
87,Ontario,B340,1,12,152.4,,3,Northbound,
87,Ontario,B360,1,12,152.4,,3,Northbound,
87,Ontario,B361,1,12,152.4,,3,Northbound,
87,Ontario,B362,1,12,152.4,,3,Northbound,
88,Prince Edward Island,1645,1,12,152.4,,2,Westbound,
88,Prince Edward Island,1646,1,12,152.4,,2,Westbound,
88,Prince Edward Island,1647,1,13,152.4,,2,Westbound,
89,Quebec,0901,1,12,152.4,,2,Westbound,
89,Quebec,0902,1,12,152.4,,2,Westbound,
89,Quebec,0903,1,12,152.4,,2,Westbound,
89,Quebec,1021,1,12,152.4,,1,Eastbound,
89,Quebec,1125,1,12,152.4,,1,Eastbound,
89,Quebec,1127,1,12,152.4,,3,Northbound,
89,Quebec,2011,1,11,152.4,,1,Eastbound,
89,Quebec,3001,1,12,152.4,,1,Eastbound,
89,Quebec,3002,1,12,152.4,,2,Westbound,
89,Quebec,3015,1,12,152.4,,2,Westbound,
89,Quebec,3016,1,12,152.4,,1,Eastbound,
89,Quebec,9018,1,12,152.4,,2,Westbound,
89,Quebec,A310,1,12,152.4,,1,Eastbound,
89,Quebec,A320,1,12,152.4,,1,Eastbound,
89,Quebec,A330,1,12,152.4,,1,Eastbound,
89,Quebec,A340,1,12,152.4,,1,Eastbound,
89,Quebec,A350,1,12,152.4,,1,Eastbound,
89,Quebec,A901,1,12,152.4,,1,Eastbound,
89,Quebec,A902,1,12,152.4,,1,Eastbound,
89,Quebec,A903,1,12,152.4,,1,Eastbound,
90,Saskatchewan,0901,1,12,152.4,,2,Westbound,
90,Saskatchewan,0902,1,12,152.4,,2,Westbound,
90,Saskatchewan,0903,1,12,152.4,,2,Westbound,
90,Saskatchewan,0959,1,12,152.4,,2,Westbound,
90,Saskatchewan,0960,1,12,152.4,,2,Westbound,
90,Saskatchewan,0961,1,12,152.4,,2,Westbound,
90,Saskatchewan,0962,1,12,152.4,,2,Westbound,
90,Saskatchewan,6405,1,12,152.4,,1,Eastbound,
90,Saskatchewan,6410,1,12,152.4,,3,Northbound,
90,Saskatchewan,6412,1,12,152.4,,3,Northbound,
90,Saskatchewan,B310,1,12,152.4,,1,Eastbound,
90,Saskatchewan,B320,1,12,152.4,,1,Eastbound,
90,Saskatchewan,B330,1,12,152.4,,1,Eastbound,
90,Saskatchewan,B331,1,12,152.4,,1,Eastbound,
90,Saskatchewan,B340,1,12,152.4,,1,Eastbound,
90,Saskatchewan,B350,1,12,152.4,,1,Eastbound,
90,Saskatchewan,B351,1,12,152.4,,1,Eastbound,
